industry,city,quarter,TAI,TAI_n_dims,IDI,IDI_n_dims,TAI_规模,TAI_质量,TAI_网络,IDI_创新,IDI_商业,n_indicators
ai,hk,2015Q1,-0.539088,2,-0.797045,2,,-0.709816,-0.368359,-1.024356,-0.569734,4
ai,hk,2015Q2,0.524559,2,-0.622989,2,,0.716562,0.332557,-0.676243,-0.569734,4
ai,hk,2015Q3,0.254994,2,-0.622989,2,,0.547915,-0.037928,-0.676243,-0.569734,4
ai,hk,2015Q4,0.014074,2,-0.501149,2,,-0.214479,0.242626,-0.432563,-0.569734,4
ai,hk,2016Q1,0.103594,2,-0.744828,2,,0.088599,0.118590,-0.919922,-0.569734,4
ai,hk,2016Q2,0.751937,2,-0.710017,2,,1.347631,0.156242,-0.850299,-0.569734,4
ai,hk,2016Q3,0.190768,2,-0.727423,2,,0.586146,-0.204611,-0.885111,-0.569734,4
ai,hk,2016Q4,-0.680121,2,-0.710017,2,,-0.459885,-0.900357,-0.850299,-0.569734,4
ai,hk,2017Q1,-0.096171,2,-0.048601,2,,-0.408682,0.216341,0.472532,-0.569734,4
ai,hk,2017Q2,0.060979,2,-0.240064,2,,-0.226106,0.348065,0.089607,-0.569734,4
ai,hk,2017Q3,0.251724,2,-0.309686,2,,0.474795,0.028653,-0.049638,-0.569734,4
ai,hk,2017Q4,-0.119308,3,-0.292281,2,-0.720258,0.116045,0.246290,-0.014827,-0.569734,5
ai,hk,2018Q1,-0.226972,3,-0.292281,2,-0.716215,-0.279550,0.314848,-0.014827,-0.569734,5
ai,hk,2018Q2,-0.102016,3,-0.013790,2,-0.711804,0.155517,0.250238,0.542155,-0.569734,5
ai,hk,2018Q3,-0.148377,3,0.038427,2,-0.709672,-0.030274,0.294815,0.646589,-0.569734,5
ai,hk,2018Q4,-0.351674,3,0.282107,2,-0.707687,-0.190727,-0.156607,1.133947,-0.569734,5
ai,hk,2019Q1,-0.064740,3,-0.031196,2,-0.698865,0.229697,0.274948,0.507343,-0.569734,5
ai,hk,2019Q2,-0.078926,3,-0.083413,2,-0.694895,0.333539,0.124579,0.402909,-0.569734,5
ai,hk,2019Q3,-0.245978,3,0.177672,2,-0.689675,-0.089798,0.041539,0.925079,-0.569734,5
ai,hk,2019Q4,-0.158068,3,-0.605583,2,-0.683353,-0.232580,0.441729,-0.641431,-0.569734,5
ai,hk,2020Q1,-0.253310,3,-0.762234,2,-0.673722,-0.462550,0.376342,-0.954733,-0.569734,5
ai,hk,2020Q2,-0.092610,3,-0.797045,2,-0.668796,0.199078,0.191888,-1.024356,-0.569734,5
ai,hk,2020Q3,-0.036903,3,-0.553366,2,-0.666664,0.109153,0.446801,-0.536997,-0.569734,5
ai,hk,2020Q4,-0.265596,3,-0.588177,2,-0.660415,-0.440888,0.304516,-0.606620,-0.569734,5
ai,hk,2021Q1,-0.226938,3,-0.692611,2,-0.645050,-0.312786,0.277023,-0.815488,-0.569734,5
ai,hk,2021Q2,0.035333,3,-0.675206,2,-0.638507,0.366144,0.378361,-0.780677,-0.569734,5
ai,hk,2021Q3,-0.034457,3,-0.797045,2,-0.630420,-0.203935,0.730984,-1.024356,-0.569734,5
ai,hk,2021Q4,-0.260423,3,-0.640394,2,-0.620863,-0.414781,0.254374,-0.711054,-0.569734,5
ai,hk,2022Q1,-0.034639,3,-0.727423,2,-0.598808,-0.014099,0.508989,-0.885111,-0.569734,5
ai,hk,2022Q2,-0.029241,3,-0.744828,2,-0.589324,0.166630,0.334971,-0.919922,-0.569734,5
ai,hk,2022Q3,-0.113120,3,-0.657800,2,-0.584619,-0.501290,0.746549,-0.745865,-0.569734,5
ai,hk,2022Q4,-0.353047,3,-0.779640,2,-0.575209,-0.933681,0.449751,-0.989545,-0.569734,5
ai,hk,2023Q1,-0.107053,3,-0.466337,2,-0.545141,-0.402160,0.626142,-0.362941,-0.569734,5
ai,hk,2023Q2,0.111671,3,-0.622989,2,-0.529041,0.203826,0.660227,-0.676243,-0.569734,5
ai,hk,2023Q3,-0.085861,3,-0.831857,2,-0.517719,-0.343362,0.603500,-1.093979,-0.569734,5
ai,hk,2023Q4,-0.179737,3,-0.570772,2,-0.505148,-0.524248,0.490185,-0.571809,-0.569734,5
ai,hk,2024Q1,0.104590,3,-0.569734,1,-0.462140,0.137798,0.638112,,-0.569734,4
ai,hk,2024Q2,0.166964,3,-0.523973,1,-0.445378,0.311392,0.634878,,-0.523973,4
ai,hk,2024Q3,0.024372,3,-0.478211,1,-0.431263,-0.231103,0.735481,,-0.478211,4
ai,hk,2024Q4,-0.206259,3,-0.432449,1,-0.407811,-0.767814,0.556848,,-0.432449,4
ai,sg,2015Q1,-0.422552,2,0.298475,1,,-0.254333,-0.590771,0.298475,,3
ai,sg,2015Q2,0.337543,2,-0.258507,1,,0.746509,-0.071422,-0.258507,,3
ai,sg,2015Q3,0.053420,2,-0.258507,1,,0.681158,-0.574318,-0.258507,,3
ai,sg,2015Q4,-0.312137,2,-0.223695,1,,0.112072,-0.736345,-0.223695,,3
ai,sg,2016Q1,-0.097535,2,-0.188884,1,,0.369742,-0.564811,-0.188884,,3
ai,sg,2016Q2,0.404643,2,-0.536997,1,,1.033084,-0.223798,-0.536997,,3
ai,sg,2016Q3,0.168321,2,-0.328129,1,,0.692435,-0.355793,-0.328129,,3
ai,sg,2016Q4,-0.166730,2,-0.502186,1,,0.140638,-0.474097,-0.502186,,3
ai,sg,2017Q1,-0.204106,2,-0.293318,1,,-0.166013,-0.242200,-0.293318,,3
ai,sg,2017Q2,0.095122,2,0.228852,1,,-0.153095,0.343340,0.228852,,3
ai,sg,2017Q3,-0.019349,2,0.333286,1,,0.262811,-0.301508,0.333286,,3
ai,sg,2017Q4,-0.494418,3,-0.502186,1,-0.672619,-0.254733,-0.555902,-0.502186,,4
ai,sg,2018Q1,-0.345698,3,-0.154072,1,-0.671222,-0.325079,-0.040793,-0.154072,,4
ai,sg,2018Q2,-0.345370,3,-0.223695,1,-0.667988,0.142079,-0.510201,-0.223695,,4
ai,sg,2018Q3,-0.362924,3,0.019984,1,-0.665709,0.025059,-0.448124,0.019984,,4
ai,sg,2018Q4,-0.624382,3,0.089607,1,-0.662106,-0.520609,-0.690430,0.089607,,4
ai,sg,2019Q1,-0.229195,3,0.472532,1,-0.658871,-0.247157,0.218443,0.472532,,4
ai,sg,2019Q2,-0.244071,3,0.228852,1,-0.657989,0.062837,-0.137059,0.228852,,4
ai,sg,2019Q3,-0.285604,3,1.064325,1,-0.653799,0.022455,-0.225470,1.064325,,4
ai,sg,2019Q4,-0.538948,3,1.830174,1,-0.644168,-0.250203,-0.722474,1.830174,,4
ai,sg,2020Q1,-0.279595,3,1.656118,1,-0.632038,-0.375417,0.168669,1.656118,,4
ai,sg,2020Q2,0.015180,3,0.994702,1,-0.625274,0.389066,0.281749,0.994702,,4
ai,sg,2020Q3,-0.473508,3,0.611777,1,-0.621157,-0.324001,-0.475367,0.611777,,4
ai,sg,2020Q4,-0.543862,3,1.377627,1,-0.615717,-0.654761,-0.361108,1.377627,,4
ai,sg,2021Q1,-0.366038,3,0.751023,1,-0.599984,-0.454708,-0.043423,0.751023,,4
ai,sg,2021Q2,-0.222536,3,4.058101,1,-0.590354,0.080351,-0.157606,4.058101,,4
ai,sg,2021Q3,-0.496590,3,1.934609,1,-0.580208,-0.385706,-0.523857,1.934609,,4
ai,sg,2021Q4,-0.390337,3,2.073854,1,-0.573224,-0.577402,-0.020386,2.073854,,4
ai,sg,2022Q1,-0.356463,3,1.133947,1,-0.553448,-0.321767,-0.194175,1.133947,,4
ai,sg,2022Q2,-0.182206,3,1.725740,1,-0.544038,0.144841,-0.147419,1.725740,,4
ai,sg,2022Q3,-0.409516,3,0.994702,1,-0.539407,-0.698873,0.009730,0.994702,,4
ai,sg,2022Q4,-0.309332,3,1.238382,1,-0.534628,-0.417905,0.024538,1.238382,,4
ai,sg,2023Q1,-0.299812,3,1.273193,1,-0.504045,-0.524043,0.128652,1.273193,,4
ai,sg,2023Q2,-0.039834,3,1.377627,1,-0.491326,-0.072097,0.443922,1.377627,,4
ai,sg,2023Q3,-0.223244,3,0.959891,1,-0.486107,-0.292662,0.109035,0.959891,,4
ai,sg,2023Q4,-0.208183,3,0.890268,1,-0.476256,-0.241464,0.093172,0.890268,,4
ai,sg,2024Q1,0.028214,3,,0,-0.453245,0.221782,0.316104,,,3
ai,sg,2024Q2,-0.029428,3,,0,-0.443540,0.119799,0.235458,,,3
ai,sg,2024Q3,-0.037381,3,,0,-0.434424,-0.284728,0.607011,,,3
ai,sg,2024Q4,-0.331739,3,,0,-0.426264,-0.887492,0.318540,,,3
biomed,hk,2015Q1,-0.274333,2,-0.686761,2,,-0.889800,0.341133,-0.803788,-0.569734,5
biomed,hk,2015Q2,-0.191957,2,-0.651950,2,,-0.772635,0.388721,-0.734165,-0.569734,5
biomed,hk,2015Q3,-0.144814,2,-0.789776,2,,-0.719699,0.430071,-1.009817,-0.569734,5
biomed,hk,2015Q4,-0.155393,2,-0.571341,2,,-0.893718,0.582932,-0.572947,-0.569734,5
biomed,hk,2016Q1,0.051564,2,-0.612571,2,,-0.487749,0.590877,-0.655408,-0.569734,5
biomed,hk,2016Q2,-0.007881,2,-0.592450,2,,-0.623209,0.607448,-0.615165,-0.569734,5
biomed,hk,2016Q3,-0.041480,2,-0.643247,2,,-0.632439,0.549479,-0.716759,-0.569734,5
biomed,hk,2016Q4,-0.012605,2,-0.544368,2,,-0.725392,0.700182,-0.519001,-0.569734,5
biomed,hk,2017Q1,-0.086132,2,-0.530666,2,,-0.758070,0.585805,-0.491597,-0.569734,5
biomed,hk,2017Q2,-0.137226,2,-0.289825,2,,-0.794503,0.520050,-0.009916,-0.569734,5
biomed,hk,2017Q3,-0.127487,2,-0.309515,2,,-0.849176,0.594201,-0.049295,-0.569734,5
biomed,hk,2017Q4,0.198101,3,-0.254150,2,0.772135,-1.032339,0.854507,0.061435,-0.569734,6
biomed,hk,2018Q1,0.275639,3,-0.543936,2,0.788456,-0.679978,0.718438,-0.518137,-0.569734,6
biomed,hk,2018Q2,0.280733,3,-0.506841,2,0.805144,-0.688705,0.725759,-0.443947,-0.569734,6
biomed,hk,2018Q3,0.270180,3,0.082306,2,0.827199,-0.827048,0.810388,0.597060,-0.432449,6
biomed,hk,2018Q4,0.334270,3,-0.081109,2,0.846828,-0.902305,1.058287,0.178707,-0.340925,6
biomed,hk,2019Q1,0.436847,3,0.030572,2,0.856973,-0.458729,0.912295,0.310545,-0.249402,6
biomed,hk,2019Q2,0.380735,3,0.092832,2,0.880719,-0.629853,0.891339,0.389303,-0.203640,6
biomed,hk,2019Q3,0.314240,3,0.318470,2,0.914316,-0.620430,0.648833,0.794818,-0.157878,6
biomed,hk,2019Q4,0.349600,3,0.269064,2,0.934975,-0.785334,0.899160,0.467197,0.070931,6
biomed,hk,2020Q1,0.528476,3,0.193930,2,0.997317,-0.405551,0.993663,0.271167,0.116693,6
biomed,hk,2020Q2,0.557697,3,0.407681,2,1.066202,-0.339172,0.946061,0.561385,0.253978,6
biomed,hk,2020Q3,0.461355,3,0.578474,2,1.124207,-0.687403,0.947261,0.765685,0.391263,6
biomed,hk,2020Q4,0.385451,3,0.734505,2,1.167435,-0.943232,0.932148,0.757415,0.711596,6
biomed,hk,2021Q1,0.581187,3,0.700134,2,1.240511,-0.532594,1.035644,0.551386,0.848881,6
biomed,hk,2021Q2,0.501969,3,0.976181,2,1.290208,-0.669901,0.885601,1.011957,0.940405,6
biomed,hk,2021Q3,0.498988,3,0.890508,2,1.322335,-0.770836,0.945464,0.520278,1.260738,6
biomed,hk,2021Q4,0.506553,3,0.933877,2,1.370930,-0.845579,0.994308,0.240923,1.626832,6
biomed,hk,2022Q1,0.723874,3,1.091788,2,1.475250,-0.386009,1.082379,0.465221,1.718356,6
biomed,hk,2022Q2,0.697364,3,1.397128,2,1.541710,-0.494768,1.045151,1.075901,1.718356,6
biomed,hk,2022Q3,0.665376,3,1.330309,2,1.614932,-0.655100,1.036297,0.850739,1.809879,6
biomed,hk,2022Q4,0.585918,3,1.221791,2,1.696169,-0.908077,0.969661,0.450655,1.992926,6
biomed,hk,2023Q1,0.793796,3,1.243764,2,1.765495,-0.388164,1.004058,0.494601,1.992926,6
biomed,hk,2023Q2,0.752274,3,1.306851,2,1.792770,-0.393597,0.857650,0.483491,2.130212,6
biomed,hk,2023Q3,0.782292,3,1.186007,2,1.809532,-0.530274,1.067620,0.104517,2.267497,6
biomed,hk,2023Q4,0.685443,3,1.549471,2,1.849378,-0.770460,0.977412,0.785683,2.313259,6
biomed,hk,2024Q1,0.897350,3,2.064203,2,1.915396,-0.198279,0.974934,1.769385,2.359021,5
biomed,hk,2024Q2,0.932905,3,2.328788,2,1.973989,-0.308559,1.133284,2.252794,2.404782,5
biomed,hk,2024Q3,0.844313,3,1.802341,2,2.033685,-0.522983,1.022238,1.154138,2.450544,5
biomed,hk,2024Q4,0.788825,3,2.154819,2,2.090219,-0.790675,1.066933,1.813331,2.496306,5
biomed,sg,2015Q1,-0.727749,2,-0.463945,1,,-0.569505,-0.885993,-0.463945,,4
biomed,sg,2015Q2,-0.773089,2,-0.723919,1,,-0.684659,-0.861519,-0.723919,,4
biomed,sg,2015Q3,-0.867999,2,-0.587513,1,,-0.624790,-1.111208,-0.587513,,4
biomed,sg,2015Q4,-0.863873,2,-0.233104,1,,-0.938968,-0.788777,-0.233104,,4
biomed,sg,2016Q1,-0.568056,2,-0.818354,1,,-0.391489,-0.744624,-0.818354,,4
biomed,sg,2016Q2,-0.671321,2,-0.146323,1,,-0.382775,-0.959867,-0.146323,,4
biomed,sg,2016Q3,-0.751818,2,-0.386052,1,,-0.505729,-0.997907,-0.386052,,4
biomed,sg,2016Q4,-0.749801,2,-0.445675,1,,-0.588502,-0.911099,-0.445675,,4
biomed,sg,2017Q1,-0.706963,2,-0.274458,1,,-0.630083,-0.783843,-0.274458,,4
biomed,sg,2017Q2,-0.748770,2,0.162412,1,,-0.768759,-0.728782,0.162412,,4
biomed,sg,2017Q3,-0.894909,2,-0.161753,1,,-0.882750,-0.907067,-0.161753,,4
biomed,sg,2017Q4,-0.151031,3,-0.376053,1,1.060027,-0.932930,-0.580188,-0.376053,,5
biomed,sg,2018Q1,-0.171399,3,0.297090,1,1.102226,-0.779314,-0.837108,0.297090,,5
biomed,sg,2018Q2,-0.123701,3,-0.201996,1,1.115606,-0.689534,-0.797173,-0.201996,,5
biomed,sg,2018Q3,-0.160774,3,0.255736,1,1.133691,-0.950674,-0.665338,0.255736,,5
biomed,sg,2018Q4,-0.195296,3,0.222900,1,1.139058,-0.941603,-0.783344,0.222900,,5
biomed,sg,2019Q1,0.001634,3,-0.604055,1,1.146336,-0.678064,-0.463369,-0.604055,,5
biomed,sg,2019Q2,-0.063054,3,0.091061,1,1.148321,-0.715424,-0.622059,0.091061,,5
biomed,sg,2019Q3,-0.025571,3,-0.085835,1,1.168317,-0.644775,-0.600256,-0.085835,,5
biomed,sg,2019Q4,-0.116691,3,-0.102129,1,1.174493,-0.942935,-0.581632,-0.102129,,5
biomed,sg,2020Q1,0.019278,3,0.242034,1,1.230145,-0.595267,-0.577045,0.242034,,5
biomed,sg,2020Q2,-0.073664,3,0.772475,1,1.283592,-0.624614,-0.879970,0.772475,,5
biomed,sg,2020Q3,-0.108677,3,0.459173,1,1.316968,-0.829646,-0.813355,0.459173,,5
biomed,sg,2020Q4,-0.124529,3,1.266994,1,1.364313,-1.089175,-0.648726,1.266994,,5
biomed,sg,2021Q1,0.022596,3,0.701988,1,1.400116,-0.762672,-0.569655,0.701988,,5
biomed,sg,2021Q2,0.010682,3,0.939372,1,1.436727,-0.857122,-0.547561,0.939372,,5
biomed,sg,2021Q3,-0.008110,3,1.311804,1,1.462900,-0.890914,-0.596315,1.311804,,5
biomed,sg,2021Q4,-0.116101,3,0.866910,1,1.510391,-1.099373,-0.759321,0.866910,,5
biomed,sg,2022Q1,0.184976,3,0.471147,1,1.537887,-0.689431,-0.293528,0.471147,,5
biomed,sg,2022Q2,0.086466,3,0.755933,1,1.568029,-0.736547,-0.572084,0.755933,,5
biomed,sg,2022Q3,0.081424,3,1.390808,1,1.592951,-0.928631,-0.420049,1.390808,,5
biomed,sg,2022Q4,0.075411,3,0.969616,1,1.627136,-0.999570,-0.401334,0.969616,,5
biomed,sg,2023Q1,0.254629,3,0.636069,1,1.661763,-0.708641,-0.189234,0.636069,,5
biomed,sg,2023Q2,0.262914,3,0.695692,1,1.683303,-0.707472,-0.187090,0.695692,,5
biomed,sg,2023Q3,0.279396,3,0.795559,1,1.696977,-0.659466,-0.199323,0.795559,,5
biomed,sg,2023Q4,0.158151,3,0.376095,1,1.703373,-0.976303,-0.252616,0.376095,,5
biomed,sg,2024Q1,0.343232,3,-0.647658,1,1.708299,-0.466650,-0.211953,-0.647658,,4
biomed,sg,2024Q2,0.302661,3,-0.515819,1,1.726311,-0.504573,-0.313756,-0.515819,,4
biomed,sg,2024Q3,0.332783,3,-0.340034,1,1.743293,-0.527955,-0.216990,-0.340034,,4
biomed,sg,2024Q4,0.166415,3,-0.383980,1,1.749101,-1.106162,-0.143693,-0.383980,,4
fintech,hk,2015Q1,0.794070,2,-1.457896,1,,1.626067,-0.037928,-1.457896,,4
fintech,hk,2015Q2,-0.674843,2,-1.440491,1,,3.644726,-4.994411,-1.440491,,4
fintech,hk,2015Q3,-0.233297,2,-1.405679,1,,-2.411256,1.944663,-1.405679,,4
fintech,hk,2015Q4,1.785365,2,-1.423085,1,,1.626067,1.944663,-1.423085,,4
fintech,hk,2016Q1,-0.233297,2,-1.492708,1,,-2.411256,1.944663,-1.492708,,4
fintech,hk,2016Q2,-3.702834,2,-1.423085,1,,-2.411256,-4.994411,-1.423085,,4
fintech,hk,2016Q3,1.495863,2,-1.295786,1,,1.914447,1.077279,-1.295786,,4
fintech,hk,2016Q4,1.459439,2,-0.482843,1,,2.130731,0.788148,-0.482843,,4
fintech,hk,2017Q1,-0.729209,2,-0.500248,1,,-0.759626,-0.698791,-0.500248,,4
fintech,hk,2017Q2,-0.958736,2,-0.395814,1,,-0.392597,-1.524874,-0.395814,,4
fintech,hk,2017Q3,0.628854,2,-0.343597,1,,1.626067,-0.368359,-0.343597,,4
fintech,hk,2017Q4,0.321485,3,-0.308786,1,-0.814727,1.222333,0.556848,-0.308786,,5
fintech,hk,2018Q1,0.143830,3,-0.308786,1,-0.813772,0.341460,0.903802,-0.308786,,5
fintech,hk,2018Q2,0.834244,3,-0.082512,1,-0.812448,2.971840,0.343340,-0.082512,,5
fintech,hk,2018Q3,0.362310,3,-0.291380,1,-0.810463,2.509229,-0.611838,-0.291380,,5
fintech,hk,2018Q4,0.065215,3,0.909611,1,-0.809728,1.373733,-0.368359,0.909611,,5
fintech,hk,2019Q1,-0.017769,3,1.801395,1,-0.806346,1.121398,-0.368359,1.801395,,5
fintech,hk,2019Q2,0.759618,3,0.731796,1,-0.805244,2.130731,0.953368,0.731796,,5
fintech,hk,2019Q3,0.548352,3,2.159062,1,-0.805758,1.993096,0.457717,2.159062,,5
fintech,hk,2019Q4,0.266568,3,0.401089,1,-0.804582,0.616735,0.987550,0.401089,,5
fintech,hk,2020Q1,0.231079,3,-0.190704,1,-0.800391,0.892010,0.601619,-0.190704,,5
fintech,hk,2020Q2,0.832647,3,-0.260327,1,-0.799436,2.298954,0.998423,-0.260327,,5
fintech,hk,2020Q3,0.442624,3,-0.329950,1,-0.797965,1.337688,0.788148,-0.329950,,5
fintech,hk,2020Q4,0.415868,3,-0.206745,1,-0.796789,1.167278,0.877114,-0.206745,,5
fintech,hk,2021Q1,0.055850,3,-0.189340,1,-0.792525,0.616735,0.343340,-0.189340,,5
fintech,hk,2021Q2,0.144981,3,-0.189340,1,-0.790908,0.768135,0.457717,-0.189340,,5
fintech,hk,2021Q3,-0.455676,3,-0.206745,1,-0.789437,0.253376,-0.830967,-0.206745,,5
fintech,hk,2021Q4,-0.328272,3,-0.258962,1,-0.785909,0.405478,-0.604385,-0.258962,,5
fintech,hk,2022Q1,-0.294025,3,-0.258962,1,-0.781130,0.445339,-0.546284,-0.258962,,5
fintech,hk,2022Q2,0.237516,3,-0.241557,1,-0.779586,0.504584,0.987550,-0.241557,,5
fintech,hk,2022Q3,0.105034,3,-0.241557,1,-0.774587,0.986005,0.103685,-0.241557,,5
fintech,hk,2022Q4,0.198548,3,-0.082176,1,-0.770838,1.193495,0.172986,-0.082176,,5
fintech,hk,2023Q1,0.057411,3,-0.134393,1,-0.764809,0.783111,0.153931,-0.134393,,5
fintech,hk,2023Q2,0.494017,3,-0.169204,1,-0.761060,1.711965,0.531146,-0.169204,,5
fintech,hk,2023Q3,-0.417233,3,-0.151799,1,-0.757972,0.554940,-1.048666,-0.151799,,5
fintech,hk,2023Q4,-0.375076,3,-0.151799,1,-0.751870,-0.209083,-0.164274,-0.151799,,5
fintech,hk,2024Q1,-0.289750,3,0.894816,1,-0.744886,0.128350,-0.252713,0.894816,,4
fintech,hk,2024Q2,0.213783,3,0.894816,1,-0.742093,1.201083,0.182360,0.894816,,4
fintech,hk,2024Q3,-0.089920,3,0.894816,1,-0.739446,0.231356,0.238331,0.894816,,4
fintech,hk,2024Q4,-0.422846,3,1.430633,1,-0.736799,-0.067004,-0.464736,1.430633,,4
fintech,sg,2015Q1,-0.975267,2,-0.571809,1,,1.442553,-3.393088,-0.571809,,3
fintech,sg,2015Q2,-0.233297,2,-0.641431,1,,-2.411256,1.944663,-0.641431,,3
fintech,sg,2015Q3,-0.674843,2,-0.293318,1,,3.644726,-4.994411,-0.293318,,3
fintech,sg,2015Q4,1.638183,2,-0.467375,1,,3.644726,-0.368359,-0.467375,,3
fintech,sg,2016Q1,-0.784210,2,-0.954733,1,,-1.200060,-0.368359,-0.954733,,3
fintech,sg,2016Q2,-3.702834,2,-0.606620,1,,-2.411256,-4.994411,-0.606620,,3
fintech,sg,2016Q3,2.794695,2,-0.397752,1,,3.644726,1.944663,-0.397752,,3
fintech,sg,2016Q4,-0.737933,2,-0.641431,1,,2.130731,-3.606596,-0.641431,,3
fintech,sg,2017Q1,0.413315,2,-0.711054,1,,0.616735,0.209895,-0.711054,,3
fintech,sg,2017Q2,-0.701895,2,-0.676243,1,,0.616735,-2.020525,-0.676243,,3
fintech,sg,2017Q3,-0.383095,2,-0.815488,1,,1.626067,-2.392258,-0.815488,,3
fintech,sg,2017Q4,-0.511580,3,-0.502186,1,-0.812595,-1.065484,0.343340,-0.502186,,4
fintech,sg,2018Q1,-0.355432,3,-0.989545,1,-0.809949,0.485084,-0.741432,-0.989545,,4
fintech,sg,2018Q2,0.097649,3,-0.571809,1,-0.808552,1.049308,0.052190,-0.571809,,4
fintech,sg,2018Q3,0.824445,3,-0.745865,1,-0.807523,1.914447,1.366409,-0.745865,,4
fintech,sg,2018Q4,0.080950,3,-0.467375,1,-0.804582,1.626067,-0.578634,-0.467375,,4
fintech,sg,2019Q1,-0.279778,3,-0.571809,1,-0.801568,0.760928,-0.798693,-0.571809,,4
fintech,sg,2019Q2,0.124422,3,-0.711054,1,-0.800318,0.616735,0.556848,-0.711054,,4
fintech,sg,2019Q3,-0.516392,3,-0.641431,1,-0.797083,0.457366,-1.209458,-0.641431,,4
fintech,sg,2019Q4,-0.347958,3,-0.606620,1,-0.796863,-0.209083,-0.037928,-0.606620,,4
fintech,sg,2020Q1,0.091502,3,-0.328129,1,-0.792672,1.250500,-0.183322,-0.328129,,4
fintech,sg,2020Q2,0.232749,3,-0.328129,1,-0.790761,1.626067,-0.137059,-0.328129,,4
fintech,sg,2020Q3,-0.129214,3,-0.954733,1,-0.789585,0.919534,-0.517591,-0.954733,,4
fintech,sg,2020Q4,0.253205,3,-0.850299,1,-0.787967,1.337688,0.209895,-0.850299,,4
fintech,sg,2021Q1,-0.226617,3,-0.850299,1,-0.785100,0.549447,-0.444196,-0.850299,,4
fintech,sg,2021Q2,0.530815,3,-0.676243,1,-0.785026,1.717822,0.659651,-0.676243,,4
fintech,sg,2021Q3,0.250288,3,-0.780677,1,-0.783409,1.222333,0.311941,-0.780677,,4
fintech,sg,2021Q4,0.022233,3,-1.024356,1,-0.782453,-0.464688,1.313839,-1.024356,,4
fintech,sg,2022Q1,0.052319,3,-1.093979,1,-0.781351,0.869070,0.069239,-1.093979,,4
fintech,sg,2022Q2,-0.144136,3,-0.328129,1,-0.780174,-0.209083,0.556848,-0.328129,,4
fintech,sg,2022Q3,-0.016758,3,-0.745865,1,-0.780468,-0.104218,0.834411,-0.745865,,4
fintech,sg,2022Q4,-0.001609,3,-0.641431,1,-0.777601,0.247465,0.525310,-0.641431,,4
fintech,sg,2023Q1,0.032976,3,-0.954733,1,-0.775469,0.199078,0.675319,-0.954733,,4
fintech,sg,2023Q2,-0.119741,3,-0.850299,1,-0.773337,0.238236,0.175879,-0.850299,,4
fintech,sg,2023Q3,-0.098651,3,-0.745865,1,-0.772382,0.690588,-0.214159,-0.745865,,4
fintech,sg,2023Q4,-0.162298,3,-1.024356,1,-0.769588,-0.104218,0.386910,-1.024356,,4
fintech,sg,2024Q1,-0.092934,3,,0,-0.766133,0.243420,0.243910,,,3
fintech,sg,2024Q2,-0.097065,3,,0,-0.765618,0.784958,-0.310536,,,3
fintech,sg,2024Q3,-0.181583,3,,0,-0.764883,0.357194,-0.137059,,,3
fintech,sg,2024Q4,-0.219540,3,,0,-0.763927,0.039975,0.065333,,,3
