industry,city,period,works,works_with_cnp,top10_works,top10_share,top1_works,top1_share,cnp_coverage
ai,hk,2015Q1,231,210,59,0.280952,10,0.047619,0.9091
ai,hk,2015Q2,99,91,47,0.516484,9,0.098901,0.9192
ai,hk,2015Q3,98,88,43,0.488636,8,0.090909,0.8980
ai,hk,2015Q4,106,102,37,0.362745,8,0.078431,0.9623
ai,hk,2016Q1,190,172,71,0.412791,9,0.052326,0.9053
ai,hk,2016Q2,97,87,54,0.620690,9,0.103448,0.8969
ai,hk,2016Q3,113,99,49,0.494949,10,0.101010,0.8761
ai,hk,2016Q4,100,90,29,0.322222,3,0.033333,0.9000
ai,hk,2017Q1,269,251,83,0.330677,13,0.051793,0.9331
ai,hk,2017Q2,113,97,35,0.360825,4,0.041237,0.8584
ai,hk,2017Q3,134,128,61,0.476562,6,0.046875,0.9552
ai,hk,2017Q4,143,127,53,0.417323,8,0.062992,0.8881
ai,hk,2018Q1,281,250,88,0.352000,15,0.060000,0.8897
ai,hk,2018Q2,172,151,64,0.423841,7,0.046358,0.8779
ai,hk,2018Q3,143,117,46,0.393162,6,0.051282,0.8182
ai,hk,2018Q4,142,120,44,0.366667,5,0.041667,0.8451
ai,hk,2019Q1,320,266,116,0.436090,7,0.026316,0.8313
ai,hk,2019Q2,183,139,63,0.453237,11,0.079137,0.7596
ai,hk,2019Q3,237,180,69,0.383333,10,0.055556,0.7595
ai,hk,2019Q4,217,164,59,0.359756,7,0.042683,0.7558
ai,hk,2020Q1,469,404,130,0.321782,25,0.061881,0.8614
ai,hk,2020Q2,289,232,100,0.431034,18,0.077586,0.8028
ai,hk,2020Q3,227,173,72,0.416185,8,0.046243,0.7621
ai,hk,2020Q4,275,209,68,0.325359,8,0.038278,0.7600
ai,hk,2021Q1,491,430,149,0.346512,13,0.030233,0.8758
ai,hk,2021Q2,381,290,133,0.458621,19,0.065517,0.7612
ai,hk,2021Q3,263,214,78,0.364486,4,0.018692,0.8137
ai,hk,2021Q4,312,273,90,0.329670,9,0.032967,0.8750
ai,hk,2022Q1,551,480,190,0.395833,21,0.043750,0.8711
ai,hk,2022Q2,319,296,126,0.425676,20,0.067568,0.9279
ai,hk,2022Q3,278,260,82,0.315385,8,0.030769,0.9353
ai,hk,2022Q4,311,291,71,0.243986,13,0.044674,0.9357
ai,hk,2023Q1,721,633,210,0.331754,23,0.036335,0.8779
ai,hk,2023Q2,443,396,171,0.431818,42,0.106061,0.8939
ai,hk,2023Q3,357,328,112,0.341463,12,0.036585,0.9188
ai,hk,2023Q4,458,414,129,0.311594,16,0.038647,0.9039
ai,hk,2024Q1,871,765,322,0.420915,61,0.079739,0.8783
ai,hk,2024Q2,498,476,214,0.449580,34,0.071429,0.9558
ai,hk,2024Q3,505,475,171,0.360000,22,0.046316,0.9406
ai,hk,2024Q4,575,538,146,0.271375,16,0.029740,0.9357
ai,sg,2015Q1,312,292,104,0.356164,23,0.078767,0.9359
ai,sg,2015Q2,148,140,73,0.521429,15,0.107143,0.9459
ai,sg,2015Q3,146,141,72,0.510638,14,0.099291,0.9658
ai,sg,2015Q4,176,156,65,0.416667,13,0.083333,0.8864
ai,sg,2016Q1,365,331,152,0.459215,26,0.078550,0.9068
ai,sg,2016Q2,176,160,91,0.568750,15,0.093750,0.9091
ai,sg,2016Q3,184,160,82,0.512500,16,0.100000,0.8696
ai,sg,2016Q4,175,159,67,0.421384,10,0.062893,0.9086
ai,sg,2017Q1,330,294,109,0.370748,16,0.054422,0.8909
ai,sg,2017Q2,143,118,44,0.372881,6,0.050847,0.8252
ai,sg,2017Q3,173,154,68,0.441558,9,0.058442,0.8902
ai,sg,2017Q4,222,205,73,0.356098,9,0.043902,0.9234
ai,sg,2018Q1,346,299,103,0.344482,17,0.056856,0.8642
ai,sg,2018Q2,212,185,78,0.421622,15,0.081081,0.8726
ai,sg,2018Q3,203,174,70,0.402299,8,0.045977,0.8571
ai,sg,2018Q4,237,205,64,0.312195,6,0.029268,0.8650
ai,sg,2019Q1,406,347,124,0.357349,19,0.054755,0.8547
ai,sg,2019Q2,220,164,67,0.408537,17,0.103659,0.7455
ai,sg,2019Q3,259,214,86,0.401869,13,0.060748,0.8263
ai,sg,2019Q4,307,241,86,0.356846,11,0.045643,0.7850
ai,sg,2020Q1,547,470,158,0.336170,39,0.082979,0.8592
ai,sg,2020Q2,338,266,123,0.462406,27,0.101504,0.7870
ai,sg,2020Q3,281,206,71,0.344660,8,0.038835,0.7331
ai,sg,2020Q4,319,231,67,0.290043,16,0.069264,0.7241
ai,sg,2021Q1,541,455,147,0.323077,20,0.043956,0.8410
ai,sg,2021Q2,439,350,144,0.411429,34,0.097143,0.7973
ai,sg,2021Q3,357,293,98,0.334471,11,0.037543,0.8207
ai,sg,2021Q4,339,284,86,0.302817,10,0.035211,0.8378
ai,sg,2022Q1,571,513,177,0.345029,28,0.054581,0.8984
ai,sg,2022Q2,335,308,130,0.422078,26,0.084416,0.9194
ai,sg,2022Q3,312,290,82,0.282759,14,0.048276,0.9295
ai,sg,2022Q4,365,319,105,0.329154,6,0.018809,0.8740
ai,sg,2023Q1,726,645,201,0.311628,30,0.046512,0.8884
ai,sg,2023Q2,467,422,163,0.386256,24,0.056872,0.9036
ai,sg,2023Q3,344,303,106,0.349835,12,0.039604,0.8808
ai,sg,2023Q4,431,374,134,0.358289,16,0.042781,0.8677
ai,sg,2024Q1,784,713,310,0.434783,42,0.058906,0.9094
ai,sg,2024Q2,475,457,191,0.417943,34,0.074398,0.9621
ai,sg,2024Q3,415,393,138,0.351145,19,0.048346,0.9470
ai,sg,2024Q4,495,465,117,0.251613,9,0.019355,0.9394
biomed,hk,2015Q1,1692,1624,408,0.251232,59,0.036330,0.9598
biomed,hk,2015Q2,1329,1227,332,0.270579,50,0.040750,0.9233
biomed,hk,2015Q3,1237,1117,312,0.279320,40,0.035810,0.9030
biomed,hk,2015Q4,1330,1281,321,0.250585,40,0.031226,0.9632
biomed,hk,2016Q1,1876,1782,566,0.317621,79,0.044332,0.9499
biomed,hk,2016Q2,1344,1243,367,0.295253,46,0.037007,0.9249
biomed,hk,2016Q3,1318,1212,356,0.293729,53,0.043729,0.9196
biomed,hk,2016Q4,1433,1383,385,0.278380,45,0.032538,0.9651
biomed,hk,2017Q1,1869,1773,484,0.272984,67,0.037789,0.9486
biomed,hk,2017Q2,1471,1326,354,0.266968,54,0.040724,0.9014
biomed,hk,2017Q3,1449,1291,333,0.257940,64,0.049574,0.8910
biomed,hk,2017Q4,1464,1401,319,0.227695,49,0.034975,0.9570
biomed,hk,2018Q1,1941,1735,496,0.285879,64,0.036888,0.8939
biomed,hk,2018Q2,1520,1343,382,0.284438,55,0.040953,0.8836
biomed,hk,2018Q3,1560,1380,361,0.261594,54,0.039130,0.8846
biomed,hk,2018Q4,1644,1501,374,0.249167,38,0.025316,0.9130
biomed,hk,2019Q1,2124,1923,620,0.322413,102,0.053042,0.9054
biomed,hk,2019Q2,1726,1540,453,0.294156,62,0.040260,0.8922
biomed,hk,2019Q3,1901,1586,469,0.295712,66,0.041614,0.8343
biomed,hk,2019Q4,1719,1542,414,0.268482,65,0.042153,0.8970
biomed,hk,2020Q1,2780,2337,774,0.331194,168,0.071887,0.8406
biomed,hk,2020Q2,2578,2116,724,0.342155,144,0.068053,0.8208
biomed,hk,2020Q3,2435,2020,575,0.284653,80,0.039604,0.8296
biomed,hk,2020Q4,2289,1943,471,0.242409,68,0.034997,0.8488
biomed,hk,2021Q1,3229,2682,832,0.310216,132,0.049217,0.8306
biomed,hk,2021Q2,2326,2031,584,0.287543,89,0.043821,0.8732
biomed,hk,2021Q3,2257,1964,532,0.270876,68,0.034623,0.8702
biomed,hk,2021Q4,2373,1992,515,0.258534,75,0.037651,0.8394
biomed,hk,2022Q1,3742,2757,922,0.334421,154,0.055858,0.7368
biomed,hk,2022Q2,2484,2114,669,0.316462,98,0.046358,0.8510
biomed,hk,2022Q3,2582,2307,669,0.289987,78,0.033810,0.8935
biomed,hk,2022Q4,2555,2240,556,0.248214,61,0.027232,0.8767
biomed,hk,2023Q1,3696,2733,913,0.334065,141,0.051592,0.7394
biomed,hk,2023Q2,2496,2014,671,0.333168,93,0.046177,0.8069
biomed,hk,2023Q3,2334,2038,633,0.310599,92,0.045142,0.8732
biomed,hk,2023Q4,2597,2185,592,0.270938,77,0.035240,0.8414
biomed,hk,2024Q1,3263,2701,987,0.365420,186,0.068863,0.8278
biomed,hk,2024Q2,2540,2186,759,0.347210,135,0.061757,0.8606
biomed,hk,2024Q3,2490,2152,671,0.311803,96,0.044610,0.8643
biomed,hk,2024Q4,2767,2429,650,0.267600,67,0.027583,0.8778
biomed,sg,2015Q1,1841,1723,524,0.304121,95,0.055136,0.9359
biomed,sg,2015Q2,1590,1410,402,0.285106,61,0.043262,0.8868
biomed,sg,2015Q3,1451,1278,377,0.294992,48,0.037559,0.8808
biomed,sg,2015Q4,1546,1452,353,0.243113,49,0.033747,0.9392
biomed,sg,2016Q1,1961,1826,609,0.333516,111,0.060789,0.9312
biomed,sg,2016Q2,1615,1439,482,0.334955,82,0.056984,0.8910
biomed,sg,2016Q3,1646,1481,466,0.314652,70,0.047265,0.8998
biomed,sg,2016Q4,1628,1525,459,0.300984,63,0.041311,0.9367
biomed,sg,2017Q1,2032,1887,555,0.294118,83,0.043985,0.9286
biomed,sg,2017Q2,1752,1567,425,0.271219,75,0.047862,0.8944
biomed,sg,2017Q3,1769,1565,395,0.252396,55,0.035144,0.8847
biomed,sg,2017Q4,1627,1528,373,0.244110,63,0.041230,0.9392
biomed,sg,2018Q1,2260,2041,550,0.269476,94,0.046056,0.9031
biomed,sg,2018Q2,1807,1516,431,0.284301,87,0.057388,0.8390
biomed,sg,2018Q3,1768,1559,376,0.241180,63,0.040411,0.8818
biomed,sg,2018Q4,1661,1434,348,0.242678,50,0.034868,0.8633
biomed,sg,2019Q1,2605,2079,595,0.286195,100,0.048100,0.7981
biomed,sg,2019Q2,1787,1532,429,0.280026,65,0.042428,0.8573
biomed,sg,2019Q3,1955,1649,481,0.291692,78,0.047301,0.8435
biomed,sg,2019Q4,2104,1790,434,0.242458,65,0.036313,0.8508
biomed,sg,2020Q1,2771,2251,675,0.299867,138,0.061306,0.8123
biomed,sg,2020Q2,2577,2149,634,0.295021,116,0.053979,0.8339
biomed,sg,2020Q3,2443,2060,538,0.261165,83,0.040291,0.8432
biomed,sg,2020Q4,2475,2130,465,0.218310,59,0.027700,0.8606
biomed,sg,2021Q1,3091,2531,689,0.272224,110,0.043461,0.8188
biomed,sg,2021Q2,2375,1999,513,0.256628,93,0.046523,0.8417
biomed,sg,2021Q3,2212,1908,479,0.251048,91,0.047694,0.8626
biomed,sg,2021Q4,2402,2045,443,0.216626,62,0.030318,0.8514
biomed,sg,2022Q1,3060,2353,669,0.284318,115,0.048874,0.7690
biomed,sg,2022Q2,2214,1837,508,0.276538,95,0.051715,0.8297
biomed,sg,2022Q3,2148,1834,449,0.244820,72,0.039258,0.8538
biomed,sg,2022Q4,2245,1909,445,0.233106,64,0.033525,0.8503
biomed,sg,2023Q1,3099,2408,677,0.281146,104,0.043189,0.7770
biomed,sg,2023Q2,2233,1763,496,0.281339,93,0.052751,0.7895
biomed,sg,2023Q3,2162,1770,512,0.289266,93,0.052542,0.8187
biomed,sg,2023Q4,2438,1992,472,0.236948,75,0.037651,0.8171
biomed,sg,2024Q1,3002,2535,814,0.321105,157,0.061933,0.8444
biomed,sg,2024Q2,2372,1947,613,0.314843,121,0.062147,0.8208
biomed,sg,2024Q3,2231,1894,589,0.310982,106,0.055966,0.8489
biomed,sg,2024Q4,2615,2167,467,0.215505,61,0.028150,0.8287
fintech_kw,hk,2015Q1,7,3,2,0.666667,0,0.000000,0.4286
fintech_kw,hk,2015Q2,1,1,1,1.000000,1,1.000000,1.0000
fintech_kw,hk,2015Q3,1,1,0,0.000000,0,0.000000,1.0000
fintech_kw,hk,2015Q4,3,3,2,0.666667,1,0.333333,1.0000
fintech_kw,hk,2016Q1,6,4,0,0.000000,0,0.000000,0.6667
fintech_kw,hk,2016Q2,1,1,0,0.000000,0,0.000000,1.0000
fintech_kw,hk,2016Q3,8,7,5,0.714286,2,0.285714,0.8750
fintech_kw,hk,2016Q4,6,4,3,0.750000,1,0.250000,0.6667
fintech_kw,hk,2017Q1,21,11,3,0.272727,2,0.181818,0.5238
fintech_kw,hk,2017Q2,4,3,1,0.333333,0,0.000000,0.7500
fintech_kw,hk,2017Q3,6,6,4,0.666667,2,0.333333,1.0000
fintech_kw,hk,2017Q4,5,5,3,0.600000,1,0.200000,1.0000
fintech_kw,hk,2018Q1,20,11,5,0.454545,2,0.181818,0.5500
fintech_kw,hk,2018Q2,13,9,8,0.888889,5,0.555556,0.6923
fintech_kw,hk,2018Q3,19,16,13,0.812500,5,0.312500,0.8421
fintech_kw,hk,2018Q4,9,8,5,0.625000,0,0.000000,0.8889
fintech_kw,hk,2019Q1,51,36,21,0.583333,5,0.138889,0.7059
fintech_kw,hk,2019Q2,21,16,12,0.750000,4,0.250000,0.7619
fintech_kw,hk,2019Q3,14,11,8,0.727273,4,0.363636,0.7857
fintech_kw,hk,2019Q4,29,24,12,0.500000,2,0.083333,0.8276
fintech_kw,hk,2020Q1,62,33,18,0.545455,3,0.090909,0.5323
fintech_kw,hk,2020Q2,22,18,14,0.777778,7,0.388889,0.8182
fintech_kw,hk,2020Q3,30,21,13,0.619048,3,0.142857,0.7000
fintech_kw,hk,2020Q4,26,22,13,0.590909,2,0.090909,0.8462
fintech_kw,hk,2021Q1,78,42,21,0.500000,4,0.095238,0.5385
fintech_kw,hk,2021Q2,42,40,21,0.525000,4,0.100000,0.9524
fintech_kw,hk,2021Q3,30,25,11,0.440000,3,0.120000,0.8333
fintech_kw,hk,2021Q4,49,43,20,0.465116,6,0.139535,0.8776
fintech_kw,hk,2022Q1,78,53,25,0.471698,5,0.094340,0.6795
fintech_kw,hk,2022Q2,29,27,13,0.481481,5,0.185185,0.9310
fintech_kw,hk,2022Q3,49,41,23,0.560976,7,0.170732,0.8367
fintech_kw,hk,2022Q4,47,42,25,0.595238,9,0.214286,0.8936
fintech_kw,hk,2023Q1,124,91,48,0.527473,12,0.131868,0.7339
fintech_kw,hk,2023Q2,54,47,32,0.680851,10,0.212766,0.8704
fintech_kw,hk,2023Q3,51,49,24,0.489796,3,0.061224,0.9608
fintech_kw,hk,2023Q4,102,99,36,0.363636,6,0.060606,0.9706
fintech_kw,hk,2024Q1,120,93,39,0.419355,9,0.096774,0.7750
fintech_kw,hk,2024Q2,63,57,34,0.596491,5,0.087719,0.9048
fintech_kw,hk,2024Q3,61,55,24,0.436364,3,0.054545,0.9016
fintech_kw,hk,2024Q4,72,62,24,0.387097,1,0.016129,0.8611
fintech_kw,sg,2015Q1,13,11,7,0.636364,1,0.090909,0.8462
fintech_kw,sg,2015Q2,1,1,0,0.000000,0,0.000000,1.0000
fintech_kw,sg,2015Q3,2,2,2,1.000000,1,0.500000,1.0000
fintech_kw,sg,2015Q4,3,3,3,1.000000,1,0.333333,1.0000
fintech_kw,sg,2016Q1,9,5,1,0.200000,0,0.000000,0.5556
fintech_kw,sg,2016Q2,2,1,0,0.000000,0,0.000000,0.5000
fintech_kw,sg,2016Q3,1,1,1,1.000000,0,0.000000,1.0000
fintech_kw,sg,2016Q4,5,4,3,0.750000,3,0.750000,0.8000
fintech_kw,sg,2017Q1,16,10,5,0.500000,3,0.300000,0.6250
fintech_kw,sg,2017Q2,7,6,3,0.500000,1,0.166667,0.8571
fintech_kw,sg,2017Q3,8,6,4,0.666667,0,0.000000,0.7500
fintech_kw,sg,2017Q4,13,9,2,0.222222,2,0.222222,0.6923
fintech_kw,sg,2018Q1,31,23,11,0.478261,4,0.173913,0.7419
fintech_kw,sg,2018Q2,11,7,4,0.571429,1,0.142857,0.6364
fintech_kw,sg,2018Q3,12,7,5,0.714286,3,0.428571,0.5833
fintech_kw,sg,2018Q4,22,18,12,0.666667,4,0.222222,0.8182
fintech_kw,sg,2019Q1,43,21,11,0.523810,6,0.285714,0.4884
fintech_kw,sg,2019Q2,15,10,5,0.500000,4,0.400000,0.6667
fintech_kw,sg,2019Q3,22,19,9,0.473684,0,0.000000,0.8636
fintech_kw,sg,2019Q4,14,11,4,0.363636,1,0.090909,0.7857
fintech_kw,sg,2020Q1,75,43,26,0.604651,4,0.093023,0.5733
fintech_kw,sg,2020Q2,30,24,16,0.666667,7,0.291667,0.8000
fintech_kw,sg,2020Q3,31,20,11,0.550000,4,0.200000,0.6452
fintech_kw,sg,2020Q4,24,21,13,0.619048,5,0.238095,0.8750
fintech_kw,sg,2021Q1,61,45,22,0.488889,5,0.111111,0.7377
fintech_kw,sg,2021Q2,27,22,15,0.681818,3,0.136364,0.8148
fintech_kw,sg,2021Q3,34,30,18,0.600000,4,0.133333,0.8824
fintech_kw,sg,2021Q4,33,28,9,0.321429,1,0.035714,0.8485
fintech_kw,sg,2022Q1,74,48,26,0.541667,7,0.145833,0.6486
fintech_kw,sg,2022Q2,30,22,8,0.363636,2,0.090909,0.7333
fintech_kw,sg,2022Q3,25,21,8,0.380952,2,0.095238,0.8400
fintech_kw,sg,2022Q4,44,41,18,0.439024,3,0.073171,0.9318
fintech_kw,sg,2023Q1,82,58,25,0.431034,6,0.103448,0.7073
fintech_kw,sg,2023Q2,51,48,21,0.437500,4,0.083333,0.9412
fintech_kw,sg,2023Q3,45,41,21,0.512195,3,0.073171,0.9111
fintech_kw,sg,2023Q4,49,42,16,0.380952,5,0.119048,0.8571
fintech_kw,sg,2024Q1,102,73,32,0.438356,8,0.109589,0.7157
fintech_kw,sg,2024Q2,40,36,19,0.527778,6,0.166667,0.9000
fintech_kw,sg,2024Q3,40,35,16,0.457143,2,0.057143,0.8750
fintech_kw,sg,2024Q4,48,42,17,0.404762,5,0.119048,0.8750
