city,assignee,families
hk,ALIBABA GROUP SERVICES LTD,1052
hk,UNIV CITY HONG KONG,184
hk,UNIV HONG KONG CHINESE,87
hk,UNIV HONG KONG,56
hk,HONG KONG APPLIED SCIENCE & TECH RESEARCH INST CO LTD,55
hk,INSILICO MEDICINE IP LTD,53
hk,CONTEMPORARY AMPEREX TECHNOLOGY HONG KONG LTD,52
hk,UNIV HONG KONG BAPTIST UNIV,49
hk,ROTAM AGROCHEM INT CO LTD,39
hk,VERSITECH LTD,38
hk,ASCENTAGE PHARMA GROUP CORP LTD,36
hk,UNIV HONG KONG POLYTECHNIC,33
hk,NANO & ADVANCED MATERIALS INST LTD,24
hk,PUZHEN LIFE CO LTD,23
hk,TALENGEN INT LTD,21
hk,NORTH & SOUTH BROTHER PHARMACY INVESTMENT CO LTD,18
hk,THUNDER POWER HONG KONG LTD,17
hk,DSG TECHNOLOGY HOLDINGS LTD,16
hk,THUNDER POWER NEW ENERGY VEHICLE DEVELOPMENT CO LTD,16
hk,UNIV HONG KONG SCIENCE & TECH,16
hk,WELL BEING DIGITAL LTD,16
hk,ANTS TECH HK LIMITED,15
hk,LOGISTICS AND SUPPLY CHAIN MULTITECH R&D CENTRE LTD,15
hk,CHOW KI SHUI LOUIE,14
hk,UNIV HONG KONG BAPTIST,14
hk,TELEFIELD MEDICAL IMAGING LTD,13
hk,HEPAGENE THERAPEUTICS HK LTD,12
hk,LUCAS GC LTD,12
hk,AI BIOMATERIAL HEALTHTECH LTD,11
hk,FIH HONG KONG LTD,11
hk,MOFFETT INTERNATIONAL CO LIMITED,11
hk,ASIA PACIFIC MEDICAL TECH DEVELOPMENT COMPANY LTD,10
hk,HIFIBIO HK LTD,10
hk,MOFFETT INTERNATIONAL CO LTD,10
hk,JUPENG BIO HK LTD,9
hk,MOFFETT TECH CO LIMITED,9
hk,ACCRO BIOSCIENCE HK LTD,8
hk,BANMA ZHIXING NETWORK HONGKONG CO LTD,8
hk,BANUBA LTD,8
hk,CAINIAO SMART LOGISTICS NETWORK HONG KONG LTD,8
hk,COMPUTIME LTD,8
hk,MULTI SCALE MEDICAL ROBOTICS CENTER LTD,8
hk,NAL PHARMACEUTICAL GROUP LTD,8
hk,NOVOHEART INTERNATIONAL LTD,8
hk,PHASE SCIENT INTERNATIONAL LTD,8
hk,PREC ROBOTICS HONG KONG LIMITED,8
hk,TOP VICTORY INVESTMENTS LTD,8
hk,WORLD WIDE DAILY HOLDINGS CO LTD,8
hk,BBPOS LTD,7
hk,CELLULAR BIOMEDICINE GROUP HK LTD,7
hk,CRAGE MEDICAL CO LTD,7
hk,ELIXIRON IMMUNOTHERAPEUTICS HONG KONG LTD,7
hk,ENANO HEALTH LTD,7
hk,GOODIX TECH HK COMPANY LIMITED,7
hk,HO HOI MING MICHAEL,7
hk,HONG KONG CENTRE FOR CEREBRO CARDIOVASCULAR HEALTH ENGINEERING LTD,7
hk,Health Hope Pharma HK Ltd,7
hk,JI XING PHARMACEUTICALS HONG KONG LTD,7
hk,MOFFETT TECHNOLOGIES CO LIMITED,7
hk,RMW CHO GROUP LTD,7
hk,SUNASIC TECH LIMITED,7
hk,TAVOTEK BIOTHERAPEUTICS HONG KONG LTD,7
hk,TENACIA BIOTECHNOLOGY HONG KONG CO LTD,7
hk,UNIV HONG KONG SCI & TECH,7
hk,ACT GENOMICS IP CO LTD,6
hk,ATHENEX HK INNOVATIVE LTD,6
hk,BETTER AIR INTERNATIONAL LTD,6
hk,CENTRE FOR INTELLIGENT MULTIDIMENSIONAL DATA ANALYSIS LTD,6
hk,CENTRE FOR NOVOSTICS,6
hk,CENTRE FOR VIROLOGY VACCINOLOGY AND THERAPEUTICS LTD,6
hk,FBD BIOLOGICS LTD,6
hk,FULL LIFE TECH HK LIMITED,6
hk,HONG KONG RES INST TEXTILES & APPAREL LTD,6
hk,IEMIS HK LTD,6
hk,LIM MENG TENG,6
hk,NOVOHEART LTD,6
hk,PANGU BIOPHARMA LTD,6
hk,PERFECT VISION TECH HK LTD,6
hk,TRZECIESKI MICHAEL ALEXANDER,6
hk,VISION GLOBAL HOLDINGS LTD,6
hk,ACERAND THERAPEUTICS HONG KONG LTD,5
hk,ACT GENOMICS IP LTD,5
hk,ANTENGENE BIOLOGICS LTD,5
hk,ANTENGENE DISCOVERY LTD,5
hk,ARBELE LTD,5
hk,CORXEL PHARMACEUTICALS HONG KONG LTD,5
hk,GRAND DECADE DEVELOPMENTS LTD,5
hk,HOVIONE INT LTD,5
hk,IP FULL ASSET LTD,5
hk,NANOMAB TECH LIMITED,5
hk,PROVIVA THERAPEUTICS HONG KONG LTD,5
hk,REHAB ROBOTICS COMPANY LTD,5
hk,SINOMAB BIOSCIENCE LTD,5
hk,6J BIOTECHNOLOGY HONG KONG LTD,4
hk,AEOLUS ROBOTICS CORPORATION LTD,4
hk,APRINOIA THERAPEUTICS LTD,4
hk,ASIA PACIFIC MEDICAL TECH DEV COMPANY LTD,4
hk,BELUN TECH IP COMPANY LIMITED,4
hk,CENTRE FOR EYE AND VISION RES LIMITED,4
hk,CENTRE FOR NOVOSTICS LTD,4
hk,CONNECT BIOPHARMA HONGKONG LTD,4
hk,EIELING TECH LIMITED,4
hk,Fg innovation co ltd,4
hk,GA HEALTH COMPANY LTD,4
hk,GENEDITBIO LTD,4
hk,HEALTH HOPE PHARMA LTD,4
hk,HONG KONG PRODUCTIVITY COUNCIL,4
hk,INNOVATIVE PREC INSTRUMENTS LIMITED,4
hk,LAM DOMINIC MAN KIT,4
hk,LAM YUEN LEE VIOLA,4
hk,LONG SHENG FARMA LTD,4
hk,MAKE GREAT SALES LTD,4
hk,MAST INDUSTRIES FAR EAST LTD,4
hk,MEHTA RAMAN,4
hk,MICROBIOTA I CENTER MAGIC LTD,4
hk,PERFECT VISION TECH (HK) LTD,4
hk,PLESON HK TECH LIMITED,4
hk,PURECODON HONG KONG BIOPHARMA LTD,4
hk,RONA BIOSCIENCE LTD,4
hk,RONDISH COMPANY LTD,4
hk,SCION MEDICAL LTD,4
hk,SOFT LINES INT LTD,4
hk,SOFT LINES INTERNATIONAL LTD,4
hk,SYNERK BIOTECH LTD,4
hk,THE EDUCATION UNIV OF HONG KONG,4
hk,THUNDER POWER NEW ENERGY VEHICLE DEV CO LTD,4
hk,TYRAFOS TECHNOLOGIES CO LIMITED,4
hk,WAVETOUCH LTD,4
hk,YICHEN THERAPEUTICS LTD,4
hk,ZEN DESIGN SOLUTIONS LTD,4
hk,ALCOLEAR LTD,3
hk,AMORV IP COMPANY LTD,3
hk,ANTS TECH (HK) LTD,3
hk,ASIA PACIFIC MEDICAL TECHNOLOGY DEVELOPMENT COMPANY LTD,3
hk,AVALON BIOMEDICAL MAN LIMITED,3
hk,AVALON STERITECH LTD,3
hk,AVANT MEATS COMPANY LTD,3
hk,BGI HEALTH HK COMPANY LTD,3
hk,BILLION KING INT LTD,3
hk,BYTON LTD,3
hk,Bloomy Lotus Ltd,3
hk,CANWELL BIOTECH LTD,3
hk,CHEER GLOBAL LTD,3
hk,CHEN KWOK FAI,3
hk,CHIU YIN TO,3
hk,CTR INTELLECTUAL PROPERTY CO LTD,3
hk,DIGILOCK ASIA LTD,3
hk,EMV ENHANCE HK LTD,3
hk,EPIMAB BIOTHERAPEUTICS HK LTD,3
hk,EPISODE SIX LTD,3
hk,EVERGREEN LAND LTD,3
hk,HEALTH AND HAPPINESS H&H HONG KONG LTD,3
hk,HEARTISANS LTD,3
hk,HKG EPITHERAPEUTICS LTD,3
hk,HONG KONG R&D CENTRE FOR LOGISTICS AND SUPPLY CHAIN MANAGEMENT ENABLING TECH LIMITED,3
hk,HOVIONE HOLDING LTD,3
hk,INCEPTIO HONGKONG LTD,3
hk,INNOTECH APPLIANCE LTD,3
hk,INNOVATIVE PREC INSTR LTD,3
hk,ITABMED HK LTD,3
hk,JOHN TECH HOLDINGS LIMITED,3
hk,LONGQ LTD,3
hk,MEDIBOSTON LTD,3
hk,NAL PHARMACEUTICALS LTD,3
hk,NEMO POWER TOOLS LTD,3
hk,NEW LIFE MEDICINE TECH COMPANY LIMITED,3
hk,NIKEGEN LTD,3
hk,OD THERAPEUTICS LTD,3
hk,PLUSAI LTD,3
hk,PUZHEN LIFE CO LIMITED,3
hk,ROTAM AGROCHEM INTERNATIONAL CO LTD,3
hk,SILICON & SYSTEM CO LTD,3
hk,SINOEAST CONCEPT LTD,3
hk,SIRONAX HONG KONG CO LIMITED,3
hk,SOULNANO LTD,3
hk,SPEROGENIX THERAPEUTICS LTD,3
hk,SU SOPHIA HAI YUN,3
hk,TFI DIGITAL MEDIA LTD,3
hk,TOMOIKE BIO LTD,3
hk,TRZECIESKI MICHAEL,3
hk,VIRGILANT TECH LIMITED,3
hk,WIFIRE OPEN NETWORK GROUP LTD,3
hk,WISERS INFORMATION LTD,3
hk,XIANLAN TECH CO LIMITED,3
hk,YEN DING YUAN,3
hk,ZHAOTAI IMMUGENE BIOMEDICINE HONG KONG LTD,3
hk,ACE COMMUNICATIONS LTD,2
hk,ADVANCED APPLIED TECH LTD,2
hk,ADVANCED BIOMEDICAL INSTRUMENTATION CENTRE LTD,2
hk,AI ROBOTICS LTD,2
hk,ALAMAK BIOSCIENCES INCORPORATION COMPANY LTD,2
hk,ALBAUGH ASIA PACIFIC LTD,2
hk,ALIS PHARMA LTD,2
hk,ANGITIA BIOMEDICINES LTD,2
hk,ANIWEAR COMPANY LTD,2
hk,ANTENGENE THERAPEUTICS LTD,2
hk,ANTPOOL TECH LIMITED,2
hk,APPLIED BIOPHOTONICS LTD,2
hk,APTACURE THERAPEUTICS LTD,2
hk,ARUZE GAMING HONG KONG LTD,2
hk,ASG INSPIRATION LABORATORY LTD,2
hk,ASTEC INT LTD,2
hk,ATHENEX THERAPEUTICS LTD,2
hk,AUSMED GLOBAL LTD,2
hk,AUTOMATION FOR HUMANITY LTD,2
hk,AVALON FLAVIVIRAL THERAPEUTICS HK LTD,2
hk,AVALON HEPAPOC LTD,2
hk,BILLION KING INTERNATIONAL LTD,2
hk,BIO CANCER TREAT INTERNATIONAL LIMITED,2
hk,BIO-MEDICAL ENG (HK) LTD,2
hk,BLUESAIL NEW VALVE TECH ASIA LTD,2
hk,BRIGHT CLINICAL RES LIMITED,2
hk,BRIGHT CLINICAL RES LTD,2
hk,Benir Baby LTD,2
hk,CENTRAL VICTORY LTD HK,2
hk,CENTRE FOR IMMUNOLOGY & INFECTION LTD,2
hk,CENTRE FOR TRANSLATIONAL STEM CELL BIOLOGY LTD,2
hk,CHAN WAI LING,2
hk,CHAROENFUPRASERT SULAWAN,2
hk,CHEUNG YUN YU,2
hk,CHING WING HAN,2
hk,CHOW EDMOND K,2
hk,CHOW FUNG LING,2
hk,CHRYSUS INTELLECTUAL PROPERTIES LTD,2
hk,CONTIN TECH LIMITED,2
hk,CONVERGENCE SYSTEMS LTD,2
hk,CREEDON TECH HK LIMITED,2
hk,DAYTON TECH LIMITED,2
hk,DIAGCOR BIOSCIENCE INC LTD,2
hk,EC COUNCIL INTERNATIONAL LTD,2
hk,ECO BIOMASS TECH COMPANY LIMITED,2
hk,ELEGANT BEST INVESTMENT LTD,2
hk,ENTEROMED LTD,2
hk,FIFTH FORCE TECH LIMITED,2
hk,FLAT PLANET LTD,2
hk,FOREVER CHEER HOLDING LTD,2
hk,FOREVER CHEER INTERNATIONAL LTD,2
hk,FUTURE MOBILITY CORPORATION LTD,2
hk,GENSE TECH LIMITED,2
hk,GIGALINK TECH HOLDING LIMITED,2
hk,GLO BIG BOSS LTD,2
hk,GOLDWAY TECH LIMITED,2
hk,GREAT PACIFIC HOLDINGS LTD,2
hk,GREGERSEN HANS,2
hk,HAMPEN TECH CORPORATION LIMITED,2
hk,HEMIX BIOTECH LTD,2
hk,HO ANDY,2
hk,HOI MING MICHAEL HO,2
hk,HONG KONG CENTER FOR NEURODEGENERATIVE DISEASES LTD,2
hk,HONG KONG IVPS INTERNATIONAL LTD,2
hk,HONG KONG PASSKEY IND CO LTD,2
hk,HUI SING KWONG SAMUEL,2
hk,INGENIO TECH CO LIMITED,2
hk,INNOTIER LTD,2
hk,INSILICO MEDICINE HONG KONG LTD,2
hk,INTELLIGENT HEALTHCARE TECH LIMITED,2
hk,KEI INTERNATIONAL LTD,2
hk,KIKAGO LTD,2
hk,KWB GLOBAL LTD,2
hk,LABORATORY FOR SYNTHETIC CHEMISTRY AND CHEMICAL BIOLOGY LTD,2
hk,LAEKNA LTD,2
hk,LAU CHUN PUT,2
hk,LAU SHU LAM,2
hk,LEAD BILLION LTD,2
hk,LEAPXPERT LTD,2
hk,LEE KA SHEK NEVILLE,2
hk,LEI HAN,2
hk,LIANKANG TECH LIMITED,2
hk,LIFETRONS SWITZERLAND GROUP LTD,2
hk,LIFETRONS SWITZERLAND HOLDINGS LTD,2
hk,LITTLE NOBLEMAN TECH LIMITED,2
hk,LUI YAT WAN,2
hk,MARVEL DIGITAL LTD,2
hk,MSHEAF HEALTH MANAGEMENT TECH LIMITED,2
hk,MU GLOBAL HOLDING LTD,2
hk,NANSHA BIOLOGICS HONG KONG LTD,2
hk,NANSHA BIOLOGIES HONG KONG LTD,2
hk,NEC HONG KONG LTD,2
hk,NEUROGRESS LTD,2
hk,NEWCOMB FERNANDO,2
hk,NG MILLY,2
hk,NIO NEXTEV LTD,2
hk,ONANOFF LTD COMPANY LTD,2
hk,ONEGLOBE HOLDINGS LTD,2
hk,PACBRIDGE PARTNERS II INVEST CO LTD,2
hk,PATHWAY PHARMACEUTICALS LTD,2
hk,PINGSENSE TECH LIMITED,2
hk,POON WING HEI DENNIS,2
hk,POWDER PHARMACEUTICALS INC,2
hk,PUZHEN LIFE CO INC,2
hk,REESTAR INTERNATIONAL LTD,2
hk,RHT LTD,2
hk,RINUAGENE INTERNATIONAL HK LTD,2
hk,SAVELIFE BIOTECHNOLOGY CO LTD,2
hk,SINO INTERNATIONAL GROUP LTD,2
hk,SMART BEAT PROFITS LTD,2
hk,SMARTWAVE MEDICAL HK LTD,2
hk,SOL MILLENNIUM MEDICAL HK LTD,2
hk,SOLOS TECH LIMITED,2
hk,SWISS SPA SYSTEM LTD,2
hk,SZE CHUN KUEN,2
hk,THE CHINESE UNIV OF HONG KONG,2
hk,THERAXYTE BIOSCIENCE HONG KONG LTD,2
hk,TIDETIME SUN LTD,2
hk,TOMORROWS IP LTD,2
hk,UNITED MICROELECTRONICS CENTRE HONG KONG LTD,2
hk,UNIV CITY,2
hk,VICWOOD PROSPERITY TECH LIMITED,2
hk,VINCENT MEDICAL MANUFACTUING CO LTD,2
hk,VIRTUAL CONTROL LTD,2
hk,VOCATIONAL TRAINING COUNCIL,2
hk,WONG KING BONG,2
hk,WORLD BIOTECH REGENERATIVE MEDICAL GROUP LTD,2
hk,WORLD WIDE STATIONERY MFG CO LTD,2
hk,YAHUIKANG LTD,2
hk,YINGCARE LTD,2
hk,ZYETRIC TECH LIMITED,2
hk,365 TECH HOLDING LIMITED,1
hk,365 TECH HOLDING LTD,1
hk,365 TECHNOLOGIES HOLDING LTD,1
hk,5GEN CARE LTD,1
hk,6J BIOTECHNOLOGY LTD,1
hk,A & B HK COMPANY LTD,1
hk,ABREU RAUL,1
hk,ACCRO BIOSCIENCE HK,1
hk,ACHIEVER TECH LTD,1
hk,ACOUSTIC ARC INTERNATIONAL LTD,1
hk,ACSYS HOLDINGS LTD,1
hk,ACTIVWELL LTD,1
hk,ACTYWELL DIGITAL LTD,1
hk,ADVANCE ELECTRONIC AND MEDICAL IND COMPANY LTD,1
hk,ADVANCE ELECTRONIC AND MEDICAL INDUSTRIES COMPANY LTD,1
hk,ADVANTEK SERUM LABORATORIES LTD,1
hk,AENCO TECH LIMITED,1
hk,AENEAS TECH LIMITED,1
hk,AGILIS ROBOTICS LTD,1
hk,AGILITECH LTD,1
hk,AI GUIDED LTD,1
hk,AI MNEMONIC LTD,1
hk,AIRPORT AUTHORITY,1
hk,ALEBUND PHARMACEUTICALS HONG KONG LTD,1
hk,ALEPHOSON BIOPHARMACEUTICALS LTD,1
hk,ALPHA AI TECH LIMITED,1
hk,ALPHATECH INTERNATIONAL LTD,1
hk,AMVAC HONG KONG LTD,1
hk,ANTS TECH (HK) LIMITED,1
hk,AOK TOOLING LTD,1
hk,AP INFOSENSE LTD,1
hk,APPICINE THERAPEUTICS HK LTD,1
hk,APPLIED ADVANCED TECHNOLOGIES LTD,1
hk,APPLIED SCIENCE & TECH RES,1
hk,APTORUM THERAPEUTICS LTD,1
hk,AQUAMED LTD,1
hk,ARCTIC OCEAN TINORE TRADE CO LTD,1
hk,ASIA BASE TECH LIMITED,1
hk,ASIA PACIFIC MEDICAL TECH DEVELOPMENT COMPAN Y LTD,1
hk,ASIABASE TECH LIMITED,1
hk,ASIABASE TECH LTD,1
hk,ASIABASE TECHNOLOGIES LTD,1
hk,ASIAN PRIME SOURCES LTD,1
hk,ASTEE INTERNATIONAL LTD,1
hk,AT&T Global Network Services Hong Kong LTD,1
hk,AUISET BIOTECHNOLOGY COMPANY LTD,1
hk,AUKI MATTERLESS LTD,1
hk,AURORA INTERNATIONAL LTD,1
hk,AUTHPAPER LTD,1
hk,AUTOMATED MACHINE LEARNING LTD,1
hk,AUXILIA LTD,1
hk,AVALON BIOLOGICS LTD,1
hk,AVALON BIOMEDICAL (MANAGEMENT) LTD,1
hk,AVALON BONE SUPPLEMENT HK LTD,1
hk,AVALON NANOSILVER RX HK LTD,1
hk,AVALON PHOTONICS HK LTD,1
hk,AVALON PHOTONICS HK LTD APL,1
hk,AVALON POLYTOM HK LTD,1
hk,AVALON SPINECARE HK LTD,1
hk,AZURE GAMING HONG KONG LTD,1
hk,BAI YAHUI,1
hk,BANDBERRY LTD,1
hk,BBPOS LMITED,1
hk,BEACON MEDCARE HK LTD,1
hk,BECKETT WAYNE HUGHES,1
hk,BELITE BIO HK LTD,1
hk,BELUM TECH IP COMPANY LIMITED,1
hk,BELUN TECH COMPANY LIMITED,1
hk,BESTOP GROUP HOLDINGS LTD,1
hk,BETAGEN SCIENT LIMITED,1
hk,BINATONE ELECTRONICS INTERNATIONAL LTD,1
hk,BING BIOTECH LTD,1
hk,BIO CANCER TREATMENT INT LTD,1
hk,BIO MEDICAL ENG HK LTD,1
hk,BIO-CANCER TREAT INT LTD,1
hk,BIO-CANCER TREAT INTERNATIONAL LIMITED,1
hk,BIOGTS GREEN ENERGY COMPANY LTD,1
hk,BIOLUX RES HOLDINGS INC,1
hk,BIRDIE BIOPHARMACEUTICALS INC,1
hk,BLACK JACK TECH CO LIMITED,1
hk,BLOCKPASS IDN LTD,1
hk,BLUE MEDICAL INNOVATION LTD,1
hk,BLUE UMBRELLA LTD,1
hk,BOSANY ENV LTD,1
hk,BRASS RING INTERNATIONAL DENSITY ENTERPRISE LTD,1
hk,BRIDEA IP LTD,1
hk,BRIGHT KINGDOM GLOBAL SOURCING LTD,1
hk,BUCKYOL LTD,1
hk,C MER RAINSOPTICS LTD,1
hk,C2 SYSTEMS LTD,1
hk,CAFE X TECH LTD,1
hk,CAMERON MARK STEVEN,1
hk,CANADIAN CHIROPRACTIC CENTRE LTD,1
hk,CANDACE GUIDANCE SIGNAGE LTD,1
hk,CARE AUTOMATION HOLDINGS LTD,1
hk,CASETAGRAM LTD,1
hk,CASTARALO LTD,1
hk,CENTER FOR NEUROMUSCULOSKELETAL RESTORATIVE MEDICINE LTD,1
hk,CENTER FOR REGENERATIVE MEDICINE AND HONG KONG HEALTH HONG KONG INST OF SCIENCE & INNOVATION,1
hk,CENTRE FOR GARMENT PRODUCTION LTD,1
hk,CENTRE FOR ONCOLOGY AND IMMUNOLOGY LTD,1
hk,CENTRE FOR REGENERATIVE MEDICINE AND HEALTH HONG KONG INSTITUTE OF SCIENCE & INNOVATION CHINESE ACAD,1
hk,CENTRE FOR REGENERATIVE MEDICINE AND HEALTH HONG KONG INSTITUTE OF SCIENCE AND INNOVATION,1
hk,CENTRE FOR VIROLOGY VACCINOLOGY AND THERAPEUTICS LIMITED,1
hk,CENTURY INT ENTPR LTD,1
hk,CENTURY INTERNATIONAL ENTERPRISES LTD,1
hk,CHAN ANDY TSZ KWAN,1
hk,CHAN CHARLES LAP SAN,1
hk,CHAN KA YAN,1
hk,CHAN KELVIN KA FAI,1
hk,CHAN KIN KWAN,1
hk,CHAN RUSSELL WADE,1
hk,CHAN SIU KING,1
hk,CHAN TAT WAI,1
hk,CHAN VICTOR,1
hk,CHAU TSZ HIM,1
hk,CHE CHI MING,1
hk,CHEN SIJIE,1
hk,CHEN ZHIBO,1
hk,CHENG CHUEN LUNG,1
hk,CHENG SIU HANG,1
hk,CHEUNG HORACE ESMOND,1
hk,CHEUNG NG TAI,1
hk,CHHATLANI SUJIT I,1
hk,CHI HIM WONG,1
hk,CHI X ASIA PACIFIC HOLDINGS LTD,1
hk,CHIN JING WEI,1
hk,CHIN YAU TANG,1
hk,CHINESE UNIV OF HONG KONG,1
hk,CHIU HUNG HUNG,1
hk,CHOI LUNG WAI,1
hk,CHOI PUI WAH,1
hk,CHOW CHUN TO,1
hk,CHOW FUNG LING MS,1
hk,CHOW TAI FOOK JEWELLERY CO LTD,1
hk,CHU CHEN YING PAULINA,1
hk,CHUI SIU HONG,1
hk,CHUN KWOK TUNG,1
hk,CHUN WO CONSTRUCTION & ENGINEERING CO LTD,1
hk,CHUN YAN ENOCH SIT,1
hk,CHUNG YUK WAN,1
hk,CIRQ TECH LIMITED,1
hk,CITY UNIV OF HONG KONG,1
hk,CITY UNIV OF IIONG KONG,1
hk,CLAVES LIFE SCIENCES LTD,1
hk,CLEAR ROBOTICS LTD,1
hk,CLEARONE COMMUNICATIONS HONG KONG LTD,1
hk,CLEVER MOTION TECH LIMITED,1
hk,CLEVER MOTION TECH LTD,1
hk,CM HK LTD,1
hk,COHERENT BIOPHARMA I LTD,1
hk,COLLATR LTD,1
hk,COMEPA INDUSTRIES LTD,1
hk,COMPASS TECH COMPANY LIMITED,1
hk,COMPASS TECH COMPANY LTD,1
hk,CONNECT BIOPHARMA HONG KONG LTD,1
hk,CONSTANCE LEUNG KI HIN,1
hk,CONSUMABLES MEDICAL PACIFIC IND LTD,1
hk,CONTRENDIAN LTD,1
hk,CONVOCATION CO LTD,1
hk,COOLING ELECTRONICS CO LTD,1
hk,COVERGO LTD,1
hk,CPMASTERPIECE CO LTD,1
hk,CREATION PLUS BIOTECHNOLOGY CO LTD,1
hk,CRIMSON TAG LTD,1
hk,CRYOELECTRIC SCIENCE LTD,1
hk,CSC ROBOTIC ENGINEERING LTD,1
hk,CYRCADIA ASIA LTD,1
hk,City Iniversity of Hong Kong,1
hk,D2V LTD,1
hk,DAXCHAIN LTD,1
hk,DCIC BIOPHARMACEUTICAL LTD,1
hk,DECODE CURE LTD,1
hk,DEEP LONGEVITY LTD,1
hk,DEEP TRANSLATE LTD,1
hk,DEFOND COMPONENTS LTD,1
hk,DENG CHUNLIAN,1
hk,DERMACLIP HONGKONG LTD,1
hk,DIGITAL DOMAIN ENTERPRISES GROUP LTD,1
hk,DIGITAL TOOLS COMPANY LTD,1
hk,DIGITAL TRANSACTION LTD,1
hk,DIS DEVELOPMENT LTD,1
hk,DOLA TECH LIMITED,1
hk,DOLSMA JOHAN MATTHIJS,1
hk,DRAGON VICTORY DEV LTD,1
hk,DRD LIFESCIENCES GROUP LTD,1
hk,DREAMTEC INTELLECTUAL PROPERTY LTD,1
hk,DYNAMIC CENTURY HOLDINGS LTD,1
hk,EAST PACIFIC IND LTD,1
hk,EASTERN VISION LTD,1
hk,EBATTE HOLDINGS LTD,1
hk,EDANZ GROUP LTD,1
hk,ELECTRICAL AND MECH SERVICES DEPARTMENT THE GOVERNMENT OF HONG KONG SPECIAL ADMINISTRATIVE RE,1
hk,ELECTRICAL AND MECH SERVICES DEPARTMENT THE GOVERNMENT OF THE HONG KONG SPECIAL ADMINISTRATIV,1
hk,ELIXIRON IMMUNOTHERAPEUTICS HONG KONG LTD HK,1
hk,EMERGING VIRAL DIAGNOSTICS HK LTD,1
hk,EMERGING VIRAL DIAGNOSTICS LTD,1
hk,EMERGING VIRAL THRAPEUTICS LTD,1
hk,EMV MERS HK LTD,1
hk,ENDOWAYS HONG KONG MEDICAL CO LTD,1
hk,ENZYNOMICS H K LTD,1
hk,EPIMAD BIOTHERAPEUTICS HK LTD,1
hk,EPONA BIOTEC LTD,1
hk,ESCAPEX LTD,1
hk,EUBULUS BIOTHERAPEUTICS HONG KONG LTD,1
hk,EV71 HK LTD,1
hk,EVERSUS INTERNATIONAL LTD,1
hk,EVISION TECH LIMITED,1
hk,EWIG INDUSTRIES MACAO COMMERCIAL OFFSHORE LTD,1
hk,EXPERT AI ENABLING LTD,1
hk,EXPLORUS SURGICAL LTD,1
hk,EXRHERA LTD,1
hk,FARM LOCALLY LTD,1
hk,FIND SOLUTION ARTIFICIAL INTELLIGENCE LTD,1
hk,FIRST GAIN INT LTD,1
hk,FORSTAR LTD,1
hk,FRESENIUS MEDICAL CARE ASIA PACIFIC LTD,1
hk,FRESH IDEA GLOBAL LTD,1
hk,FRESH ON LTD,1
hk,FRUIT INNOVATIONS LTD,1
hk,FULLFAITH INTERNATIONAL HOLDING LTD,1
hk,FUND ROOTS SOFTWARE CREATIVE LTD,1
hk,FUNG CHUCK,1
hk,FUSE BIOSCIENCES HONG KONG LTD,1
hk,FUTURE OF PLAY GLOBAL LTD,1
hk,GA HEALTH & BEAUTY CO LTD,1
hk,GALILEO PLATFORMS LTD,1
hk,GAMOLIN LTD,1
hk,GEB IMPACT TECH COMPANY LIMITED,1
hk,GENIELAND COMPANY LTD,1
hk,GENUINE FIRST AID INT LTD,1
hk,GERMANY HEALMUSZ INTERNATIONAL CO LTD,1
hk,GLOBAL COSMETICS HONG KONG COMPANY LTD,1
hk,GLOBAL DESIGN CORP LTD,1
hk,GLOBAL TAX REFUND HOLDINGS COMPANY LTD,1
hk,GMP BIOTECHNOLOGY LTD,1
hk,GOLDBOX TECH LTD,1
hk,GOOEE LTD,1
hk,GOORIS FREDERIC,1
hk,GOVITA TECH LTD,1
hk,GRACE AND KOWLOON HOLDINGS LTD,1
hk,GRACE UNION TECH LIMITED,1
hk,GREEN GARDEN TOYS HONG KONG CO LTD,1
hk,GROKING LAB LTD,1
hk,GT APEIRON THERAPEUTICS LTD,1
hk,GUAN ISAAC,1
hk,GURU NETWORK LTD,1
hk,HAI KANG LIFE CORP LTD,1
hk,HAI KANG LIFE CORPORATION LTD,1
hk,HANSON DAVID,1
hk,HANSON ROBOTICS LTD,1
hk,HARRIA INVEST GROUP INC,1
hk,HAYCO MANFACTURING LTD,1
hk,HAYCO MFG LIMITED,1
hk,HAYCO MFG LTD,1
hk,HCT GROUP HOLDINGS LTD,1
hk,HEARSAFE LTD,1
hk,HENDERSON REAL ESTATE AGENCY LTD,1
hk,HEROKA IND LTD,1
hk,HESTIA TECH LIMITED,1
hk,HIGH DEVELOPMENT LTD,1
hk,HIGHWAYS DEPT THE GOVERNMENT OF THE HONG KONG SPECIAL ADMINISTRATIVE REGION OF THE PEOPLES,1
hk,HIGHWAYS DEPT THE GOVERNMENT OF THE HONG KONG SPECIAL ADMINISTRATIVE REGION OF THE PEOPLES REPUBLIC,1
hk,HIGHWAYS DEPT THE GOVERNMENT OF THE HONG KONG SPECIAL ADMINISTRATVIE REGION OF THE PEOPLES REPUBLIC,1
hk,HILLMING COMPANY LTD,1
hk,HK APPLIED SCIENCE & TECH RES,1
hk,HK LIGHT FERRY BIOMED LTD,1
hk,HK LIJUN TECH LIMITED,1
hk,HO DAVID SAI WAH,1
hk,HO SZE KIT,1
hk,HOFFMANN ASIA LTD,1
hk,HOI MING MICHAELHO,1
hk,HOMETEK INT LTD,1
hk,HONG CENTRE FOR CEREBRO CARDIOVASCULAR HEALTH ENGINEERING LTD,1
hk,HONG KONG ABBY TECH CO LTD,1
hk,HONG KONG APPLIED SCIENCE AND TECH RES,1
hk,HONG KONG APPLIED SCIENCE AND TECH RES INST CO LTD,1
hk,HONG KONG APPLIED SCIENCE AND TECH RESEARCH,1
hk,HONG KONG APPLIED SCIENCE AND TECH RESEARCH INSTITUTE COMPANY,1
hk,HONG KONG APPLIED SCIENCE AND TECHNOLOY RES INSTITUTE COMPANY LIMITED,1
hk,HONG KONG APPLIES SCIENCE AND TECH RESEARCH INSTITUTE COMPANY LIMITED,1
hk,HONG KONG CENTRE FOR LOGISTICS ROBOTICS LTD,1
hk,HONG KONG FORTUNE TECH LTD,1
hk,HONG KONG GREEN DREAMER TECH LIMITED,1
hk,HONG KONG HAICUN TECH CO LIMITED,1
hk,HONG KONG INTELLECTUAL PROPERTY EXCHANGE LTD,1
hk,HONG KONG KING FRIEND INDUSTRIAL COMPANY LTD,1
hk,HONG KONG LIVEME CORPORATION LTD,1
hk,HONG KONG MORNING STAR INTERNATIONAL HOLDING LTD,1
hk,HONG KONG OCCUPATIONAL THERAPY ASSOCIATION LTD,1
hk,HONG KONG POLYTECHNIC UNIV,1
hk,HONG KONG PRODUCTIVITY COUNCIL HKPC,1
hk,HONG KONG R&D CENTRE FOR LOGISTICS AND SUPPLY CHAIN MANAGEMENT ENABLING TECH LIMITED HONG,1
hk,HONG KONG TELECOMMUNICATIONS HKT LTD,1
hk,HONG KONG TELECOMMUNICATIONS HTK LTD,1
hk,HONK KONG POLYTECHNIC UNIV,1
hk,HOPEFUL RUBBER MFG CO LIMITED,1
hk,HSIAO WEN LUAN WENDY,1
hk,HUI HO CHARM,1
hk,HUI KAM WAH,1
hk,HUNG CHIU HUNG,1
hk,HUNG HOI CHUE,1
hk,HUNG HON INDUSTRIAL COMPANY LTD,1
hk,HYGIEIA HEALTH CO LTD,1
hk,Ho Po Yu,1
hk,Hong ying tang,1
hk,I MAB BIOPHARMA HONG KONG LTD,1
hk,ICALC HOLDINGS LTD,1
hk,ID INFINITY LTD,1
hk,IFREE GROUP HK LTD,1
hk,IGGENE LTD,1
hk,IMMORTAL SPIRIT LTD,1
hk,INDHOUSE LTD,1
hk,INFAGEN HONG KONG LTD,1
hk,INFINITY CUBE LTD,1
hk,INFO WISE LTD,1
hk,INFOTOO INTERNATIONAL LTD,1
hk,INNOCORN TECH LIMITED,1
hk,INNONEURO LTD,1
hk,INNOSPIRE TECH LIMITED,1
hk,INNOWORKS PRODUCT CREATION LTD,1
hk,INSPIRAR LTD,1
hk,INT BIOTECH INSTITUTE INC,1
hk,INT TECH HK CO LTD,1
hk,INTEGRAL CARE TECH LTD,1
hk,INTELLECTUAL PROPERTY WHOLLY OWNED CO LTD,1
hk,INTELLIGENCE & PARTNER LTD,1
hk,INTERACTIVE HOLDINGS LTD,1
hk,INTERNATIONAL ASSOCIATION FOR MEDICAL AND DENTAL RES LIMITED,1
hk,INTERNET INVESTMENTS GROUP LTD,1
hk,INTERSELECT TRADING LTD,1
hk,IP YING HOI ROBERT,1
hk,IPC WORKS LTD,1
hk,IPROPHET TECHNOLOGY LTD,1
hk,IQ WORKS LTD,1
hk,ISUNCLOUD LTD,1
hk,IX ASIA LTD,1
hk,JACOBSON RES LABORATORY LIMITED,1
hk,JACOBSON RES LABORTORY LIMITED,1
hk,JACOBSON T&D LTD,1
hk,JBM RES LABORATORY LIMITED,1
hk,JHA VINESH,1
hk,JINGANG MEDICINE AUSTRALIA PTY LTD,1
hk,JOHNLUI COM,1
hk,JOINT CONCEPT (HONG KONG) LTD,1
hk,JOINT CONCEPT HONG KONG LTD,1
hk,JUMELLE FREDERIC ANDRE,1
hk,KAMI INTELLIGENCE LTD,1
hk,KAR HEY ANTHONY FUNG,1
hk,KEI INTERNATIONAL LTD A CHINESE COMPANY,1
hk,KIKA TECH (HK) HOLDINGS CO LIMITED,1
hk,KIKA TECH HK HOLDINGS CO LIMITED,1
hk,KIN TECH LIMITED,1
hk,KIN WAN LI,1
hk,KINGWELCH LTD,1
hk,KISSCO MARKETING SERVICES LTD,1
hk,KIT HOWARD KWOK,1
hk,KO PAUL YIU SHUM,1
hk,KO WAI KIN DANIEL,1
hk,KOKIDO DEV LTD,1
hk,KOLN 3D TECH MEDICAL LIMITED,1
hk,KOLN HONG KONG LTD,1
hk,KWAN CHI LEUNG,1
hk,KWOK CHING KWONG,1
hk,KWOK NGOK WING JIMMY,1
hk,KWOK SUI YI,1
hk,KWONG Wai Yeung,1
hk,LABORATORY OF DATA DISCOVERY FOR HEALTH LTD,1
hk,LAGUNAMOON BEAUTY LTD,1
hk,LAI HO WA,1
hk,LAI LILY,1
hk,LAM CHUI CHI,1
hk,LAM LOUIS CHI HUNG,1
hk,LAM RONALD CHUN YU,1
hk,LAM SHIU KUM,1
hk,LAM SIU YIN,1
hk,LAM TSZ KUEN,1
hk,LANG SHILEI,1
hk,LAO CHUNG HING,1
hk,LAU ALEX,1
hk,LAU CHUN YIN,1
hk,LAU CHUN YIN MR,1
hk,LAU GARY Q,1
hk,LAU MING HO,1
hk,LAU WING KEUNG,1
hk,LAU WING LOK KEITH,1
hk,LAW SUI CHUN,1
hk,LEE KAM YIN,1
hk,LEE RAYER LAVONNE,1
hk,LEE VINCENT YAU WING,1
hk,LEE WAI HUNG,1
hk,LEE WAI LEUNG,1
hk,LEE YUK KWAI,1
hk,LEONG MUN HOONG,1
hk,LEPER JOHN ANTHONY,1
hk,LEUNG KA WAI WAYNE,1
hk,LEUNG KI HIN CONSTANCE MISS,1
hk,LEUNG RICHARD,1
hk,LEUNG SO NGOR SALLY,1
hk,LI CHIU SHEUNG,1
hk,LI HUNG TO,1
hk,LI PO YIU PAULINE,1
hk,LI STANLEY YUEN,1
hk,LIAO CHUN ZU JOE,1
hk,LIFE & LIVING INTERNATIONAL LTD,1
hk,LIFENG TECH LIMITED,1
hk,LIFENG TECH LTD,1
hk,LIFESPANS LTD,1
hk,LIFY COMPANY LTD,1
hk,LIHEALTH LTD,1
hk,LIN CHUN MAN ANTHONY,1
hk,LITTLE NOBLEMAN TECH LTD,1
hk,LIU YING,1
hk,LIU YUK KWAN,1
hk,LO HOI CHIU,1
hk,LO KIT YI,1
hk,LO LING LAN,1
hk,LOGISTICS AND SUPPLY CHAIN MULTI TECH R&D CENTRE LTD,1
hk,LOMACK IND CO LTD,1
hk,LONBLE ACUTREK LTD,1
hk,LONGVIEW FINANCIAL LTD,1
hk,Lomak Industrial Company Ltd,1
hk,Lucenxia Ltd,1
hk,M AND M TECH LIMITED,1
hk,M AND M TECH LTD,1
hk,MAICAPITAL LTD,1
hk,MAIN CONTINENTAL TECH LIMITED,1
hk,MAK CHI PONG,1
hk,MAK SIU CHEUNG LOUIE,1
hk,MARCH PROJECTION LTD,1
hk,MARVEL RES LIMITED,1
hk,MAST IND (FAR EAST) LTD,1
hk,MATCHINGPRO LTD,1
hk,MAXINASE LIFE SCIENCES LTD,1
hk,MCCLELLAND DEAN,1
hk,MCGRATH MATTHEW J R,1
hk,MEDAIR LTD,1
hk,MEDICONCEN LTD,1
hk,MEDISEN LTD,1
hk,MEDPOT LTD,1
hk,MEDTIMES MOLECULAR LABORATORY LTD,1
hk,MEGA WINNING LTD,1
hk,MEGASOFT LTD,1
hk,MENRIYAN WIRELESS HIGH POWER TECH (HK) LIMITED,1
hk,MERCURY INNOVATIONS LTD,1
hk,MERIDIAN INNOVATION LTD HONG KONG,1
hk,MICRO RESOURCES LTD,1
hk,MINDFIO LTD,1
hk,MINDS AI TECH LTD,1
hk,MINDS AL TECH LTD,1
hk,MING FAI INNOVATIVE SKIN CARE LAB LTD,1
hk,MIOS PHARMACEUTICALS LTD,1
hk,MOEXA PHARMACEUTICALS LTD,1
hk,MONONUCLEAR THERAPEUTICS LTD,1
hk,MV SQUARE LTD,1
hk,MYOVOLT LTD,1
hk,MediBoston Limted,1
hk,Ming Hon Chan,1
hk,N K S F STAR LTD,1
hk,N K S F STAR LTD NKSF,1
hk,NAL PHARMACEUTICALS GROUP LTD,1
hk,NALANTIS HOLDING LTD,1
hk,NAM SIU TUNG,1
hk,NAN WANG,1
hk,NANO SCIENCES LTD,1
hk,NANTIN ENTERPRISE LTD,1
hk,NATUR TECH PHARMACAL CO LTD,1
hk,NEO DERM GROUP LTD,1
hk,NEO MECH LIMITED,1
hk,NEOMA LTD,1
hk,NERDIO LTD,1
hk,NESTERUK VLADIMIR VIKTOROVICH,1
hk,NEUFAST LTD,1
hk,NEW PORTAL LTD,1
hk,NEXWRITER LTD,1
hk,NG KA LUN,1
hk,NG KA LUN ALAN,1
hk,NG TAT YUNG,1
hk,NG TSZ YAN IRYS,1
hk,NICK WANG TECH LTD,1
hk,NICK WANG TECHNOLOGY LTD,1
hk,NIU YI,1
hk,NKSF STAR LTD,1
hk,NOBELBIOTIX RES INSTITUTE LIMITED,1
hk,NOVETEX TEXTILES LTD,1
hk,NUTRITION SCIENCE PARTNERS LTD,1
hk,NUWA ROBOTICS HK LTD,1
hk,Nang Chong YEUNG,1
hk,O NET WAVETOUCH LTD,1
hk,OLEA OVIDIU,1
hk,ONANOFF LIMITE COMPANY LTD,1
hk,ONANOFF LTD COMPANY,1
hk,ONEDASH LTD,1
hk,ONEPERSONALIZATION LTD,1
hk,ONEQR LTD,1
hk,OOCL INFOTECH HOLDINGS LTD,1
hk,OPENST LTD,1
hk,ORCHESTRALL HEALTHCARE LTD,1
hk,OSPICON COMPANY LTD,1
hk,OUTSTANDING HEALTHCARE COMPANY LTD,1
hk,OVE ARUP & PARTNERS HONG KONG LTD,1
hk,PACIFIC ARROW LTD,1
hk,PANOPTICAI LTD,1
hk,PAPERFLY LTD,1
hk,PEMBERTON BRIAN,1
hk,PENGELLY CO LTD,1
hk,PENTIDE THERAPEUTICS LTD,1
hk,PERDAYS HEALTH FUNCTION FOOD CO LIMITED,1
hk,PERECT VISION TECH HK LTD,1
hk,PETROLEUM 2 0 LTD,1
hk,PHARMACOGENETICS LTD,1
hk,PHARMALINK INTERNATIONAL LTD,1
hk,PHASE SCIENTIFIC INTERNATIONAL LTD,1
hk,PHILLIPS ADAM NIGEL,1
hk,PHOMEDICS LTD,1
hk,PINE MEDICAL LTD,1
hk,PLANTARX LTD,1
hk,PLATYSENS LTD,1
hk,PO YU HO,1
hk,POLAR SEAL LTD,1
hk,POLY TECH SERVICES LTD,1
hk,PONG YUEN HOLDINGS LTD,1
hk,POWA TECHNOLOGIES HONG KONG LTD,1
hk,POWDER PHARMACEUTICALS INCORPORATED,1
hk,POZZATO FRANCESCO,1
hk,PRIME DRAGON LTD,1
hk,PRIMEDTECH LTD,1
hk,PRIVE SERVICES LTD,1
hk,PROCTOR JAMES DAVID,1
hk,PROVENTURE (FAR EAST) LTD,1
hk,PSC COSMETICS LTD,1
hk,PULMONGENE HONG KONG CO LTD,1
hk,PURECELL BIOMEDICAL TECH COMPANY LIMITED,1
hk,PURECODON HONGKONG BIOPHARMA LTD,1
hk,Pui Tong Kwan,1
hk,QALQON LTD,1
hk,QUANTUM CYBERTECH LTD,1
hk,RACEFIT INT COMPANY LTD,1
hk,RACEFIT INTERNATIONAL COMPANY LTD,1
hk,REALITY BIOTECH COMPANY LTD,1
hk,REBERNI LTD,1
hk,REBIO TECH LIMITED,1
hk,RECYCLEGREEN PROJECT LTD,1
hk,REDLOTUS HONG KONG LTD,1
hk,REFLECTION BIOTECHNOLOGIES LTD,1
hk,REGINA MIRACLE INT (GROUP) LTD,1
hk,REGINA MIRACLE INTERNAT GROUP LTD,1
hk,REGINA MIRACLE INTERNATIONAL GROUP LTD,1
hk,REMO HOLDINGS LTD,1
hk,RFID INNOVATION RES LIMITED,1
hk,RING X CORPORATION LTD,1
hk,ROBOTICS CLUB LTD,1
hk,ROEKETBC LTD,1
hk,RONA BIOSCIENCE LIMITED,1
hk,ROTAM AGROCHEM INTERNAT CO,1
hk,RSP INFORMATION SERVICE COMPANY LTD,1
hk,Raman Mehta,1
hk,SADAT GAFOOR SHEAK ABDUL,1
hk,SAGADIGITS LTD,1
hk,SANMA ELETRON HONG KONG APPLIANCE COMPANY LTD,1
hk,SANWA BIOTECH LTD,1
hk,SBC VIRBAC LTD,1
hk,SCHNEIDER DAVID LYLE,1
hk,SCHOOL OF GROWTH LTD,1
hk,SCION LTD MEDICAL,1
hk,SCIPIO LIFE SCIENCES LTD,1
hk,SEALAND HOLDINGS CO LTD,1
hk,SENTRIX TECH LTD,1
hk,SHILEITECH LTD,1
hk,SHOALTER AUTOMATION LTD,1
hk,SICH CASKET COMPANY LTD,1
hk,SIJIE CHEN,1
hk,SILENTMODE LTD,1
hk,SILICAMED LTD,1
hk,SILVERLEAP TECH LIMITED,1
hk,SIMSEC HONG KONG LTD,1
hk,SIN KING HEI,1
hk,SINDBAD GROUP LTD,1
hk,SINGLE PERSON TRANSP DESIGN (SPTD) LTD,1
hk,SINGLE PERSON TRANSP DESIGN SPTD LTD,1
hk,SINO INTERNAT GROUP LTD,1
hk,SIREMIX GMBH,1
hk,SIU CHUNG WAH,1
hk,SJLENTMODE LTD,1
hk,SKALA FINTECH COMPANY LTD,1
hk,SKY PERFECT INTERNATIONAL LTD,1
hk,SMALL HEALTHY ENVIRONMENT LTD,1
hk,SMART BRAND LTD,1
hk,SMART CHIP MICROELECTRONIC CO LTD,1
hk,SMARTSENS TECH HK CO LTD,1
hk,SMITH ANDRE HUGO,1
hk,SMITH ANDREW JAMES,1
hk,SMITH PAUL ANTHONY,1
hk,SML MED TECH SOLUTIONS LTD,1
hk,SMOOTHWEB TECH LIMITED,1
hk,SMOOTHWEB TECH LTD,1
hk,SOL-MILLENNIUM MEDICAL HK LTD,1
hk,SOLARMAX PTE LTD,1
hk,SOLTAN MEHDI FREDERIK,1
hk,SOLUTIO LTD,1
hk,SOLVED BY TECHNOLOGY CO LIMITED,1
hk,SONIKURE HOLDINGS LTD,1
hk,SOURCE OF LIFE BIOTECHNOLOGY COMPANY LTD,1
hk,SOUTH KING HEALTH LTD,1
hk,SP AITH LTD,1
hk,SPEADTECH LTD,1
hk,SPENCER YU CHEONG LEUNG,1
hk,SPH BIOTHERAPEUTICS HK LTD,1
hk,SPLITMEDIALABS LTD,1
hk,ST MICROELECTRONICS LTD,1
hk,STAR BRIGHT BIO TECH LTD,1
hk,SU CC CORPORATION LTD,1
hk,SUCCESS ASIA INC LTD,1
hk,SUI YI KWOK,1
hk,SUN LUEN ELECTRICAL MFG CO LTD,1
hk,SUNNY TECH ENTERPRISE LIMITED,1
hk,SUPER GAINER INVESTMENT LTD,1
hk,SUPER RICH MOULDERS LTD,1
hk,SWAP HOLDINGS LTD,1
hk,SYMPHONY HOLDINGS LTD,1
hk,SYNGULAR TECH LIMITED,1
hk,TAM PUI LING,1
hk,TAM WENG KIE,1
hk,TANG CHIN YAU,1
hk,TARGET INFORMATION COMPANY LTD,1
hk,TCRCURE HONG KONG LTD,1
hk,TECTONIC TECH INNOVATION COMPANY LIMITED,1
hk,TENACIA BIOTECHNOLOGY HONG KONG CO LIMITED,1
hk,TENCENT MOBILITY LTD,1
hk,TERMINAL 1 LTD,1
hk,TESCO DENTAL HONG KONG LTD,1
hk,THE CHINESE UNIV OF HONG KONG OFFICE OF RES AND KNOWLEDGE TRANSFER SERVICES,1
hk,THE CHINESE UNIV OF HONG KONG OFFICE OF RESEARCH AND KNOWLEDGE TRANSFER SERVICES,1
hk,THE CHINESS UNIV OF HONG KONG,1
hk,THE HONGKONG POLYTECHNIC UNIV,1
hk,THINKIN MAN LIMITED,1
hk,THUNDER POWER NEW ENERGY VEHICLE DEVELOPMENT LTD,1
hk,THUNDER POWER NEW ENERGY VIHICLE DEV COMPANY LTD,1
hk,THUNDER POWER NEW ENERGY VIHICLE DEVELOPMENT COMPANY LTD,1
hk,TIBERIAS TECH HK LIMITED,1
hk,TMB LABS LTD,1
hk,TO CHI HO,1
hk,TOMOPHASE LTD,1
hk,TOMORROWS IP LTD A CHINESE COMPANY,1
hk,TOP VICTORY INVEST LTD,1
hk,TRANWALL HOLDINGS LTD C/O CHANG LEUNG HUI & LI CPA LTD,1
hk,TSALYS LTD,1
hk,TSANG CHUN HUNG,1
hk,TSAO YUK FAN,1
hk,TSE YAN YIN,1
hk,TSZ HIM CHAU,1
hk,TUTOR GROUP LTD,1
hk,TUV SUD HONG KONG LTD,1
hk,TYME LTD,1
hk,TYMPHANY HK LTD,1
hk,Tai Chi Pang,1
hk,Terence Man Wai Ng,1
hk,U3D LTD,1
hk,ULEECO LTD,1
hk,UNITO SMART TECH LIMITED,1
hk,UNIV OF HONG KONG,1
hk,UNIWAY TECH LTD,1
hk,UP BLOCKCHAIN TECH LIMITED,1
hk,URBANCHAIN GROUP LTD,1
hk,US PACIFIC NONWOVENS INDUSTRY LTD,1
hk,VANFORD BIO DRUG DEVELOPMENT LTD,1
hk,VASHCHENKO VALERII VLADIMIROVICH,1
hk,VELLPHARM COMPANY LTD,1
hk,VELOCITY CORPORATION LTD,1
hk,VINCENT YUVAL R&D LTD,1
hk,VISUO TECH PTY LIMITED,1
hk,VITARGENT (INTERNATIONAL) BIOTECHNOLOGY LTD,1
hk,VITARGENT INTERNATIONAL BIOTECHNOLOGY LTD,1
hk,VITRO TV HK LTD,1
hk,VIVA STAR BIOSCIENCES LTD,1
hk,VJ ELECTRONICS LTD,1
hk,VK Meditech Co Ltd,1
hk,VORNAGAIN LTD,1
hk,VVOW COMPANY LTD,1
hk,WAN KAI FUNG,1
hk,WANG NAN,1
hk,WANG RONGXUE,1
hk,WANG WAI TAK,1
hk,WATERCARE TECH LIMITED,1
hk,WELLS RESOURCES LTD,1
hk,WELSKY TECH LIMITED,1
hk,WELSKY TECH LTD,1
hk,WELSKY TECHNOLOGIES LTD,1
hk,WEX MEDICAL LTD,1
hk,WILDFACES TECH LIMITED,1
hk,WISDOM GARDEN HONG KONG LTD,1
hk,WISE ALLY HOLDINGS LTD,1
hk,WMT ASIA LTD,1
hk,WONDERLAND NURSERY GOODS,1
hk,WONG CHEUKLA FLORENCE,1
hk,WONG CHO KEE,1
hk,WONG HAU PLASTIC WORKS & TRADING CO LTD,1
hk,WONG KA MAN PRISCILLA,1
hk,WONG KA PO,1
hk,WONG KEI TING,1
hk,WONG KWONG HOU,1
hk,WONG MING YIP WALLACE,1
hk,WONG WAN KEUNG RAYMOND,1
hk,WONG YEE TAK,1
hk,WONG YEUNG WAI JUN SABRINA,1
hk,WONG YUEN CHIU,1
hk,WORLD CONCEPT DEVELOPMENT LTD,1
hk,WORLD FIELD HK LTD,1
hk,WORLD WIDE STATIONERY MFG CO,1
hk,WORLDMONEY BLOCKCHAIN FINANCIAL CO LTD,1
hk,WU CHENSHU,1
hk,WU DANIEL YIANG,1
hk,WU KAN,1
hk,XIAN LANFANG,1
hk,XIANLANG TECH CO LIMITED,1
hk,YAN KING TONG THOMAS,1
hk,YANG FOO CHIA CARL,1
hk,YAU TAT WAI,1
hk,YEUNG CHI WAI,1
hk,YEUNG DAVID KA WAI,1
hk,YEUNG WAI KIN,1
hk,YINGXIUKE LTD,1
hk,YIP CHING WA,1
hk,YIP MING HAM,1
hk,YOUNG YAU YAU CECILIA,1
hk,YOUNG’S ENG CO LTD,1
hk,YU STEPHEN WAI CHIU,1
hk,YU WAI CHI RAYMOND,1
hk,YUAN XU,1
hk,YUJET INTERNATIONAL LTD,1
hk,Yeung Nang Chong,1
hk,Z5 GLOBAL GROUP LTD,1
hk,ZHONGJI HENGRUN INT HOLDINGS LTD,1
hk,ZODIAC BIO TECH LTD,1
hk,ZOLTRIX MAT INTERNATIONAL LIMITED,1
hk,ZYETRIC AUGMENTED REALITY LTD,1
hk,ZYETRIC ENTERPRISE LTD,1
hk,ZYETRIC GAMING LTD,1
hk,ZYETRIC VIRTUAL REALITY LTD,1
sg,AGENCY SCIENCE TECH & RES,740
sg,NAT UNIV SINGAPORE,598
sg,LENOVO SINGAPORE PTE LTD,459
sg,UNIV NANYANG TECH,391
sg,SMITH & NEPHEW ASIA PACIFIC PTE LTD,311
sg,SENSETIME INT PTE LTD,180
sg,SINGAPORE HEALTH SERV PTE LTD,173
sg,MASTERCARD ASIA PACIFIC PTE LTD,147
sg,LEMON INC,129
sg,LEICA INSTR SINGAPORE PTE LTD,112
sg,SIVANTOS PTE LTD,111
sg,BIGO TECH PTE LTD,88
sg,ALIPAY LABS SINGAPORE PTE LTD,71
sg,MARVELL ASIA PTE LTD,65
sg,GRABTAXI HOLDINGS PTE LTD,64
sg,UNIV SINGAPORE,62
sg,ANX IP HOLDING PTE LTD,60
sg,NAT UNIV HOSPITAL SINGAPORE PTE LTD,59
sg,ResMed Asia Pte Ltd,58
sg,WAVE LIFE SCIENCES LTD,50
sg,SMITH & NEPHEW PTE LTD,48
sg,HYTTO PTE LTD,46
sg,UNIV SINGAPORE TECHNOLOGY & DESIGN,43
sg,STRAND ROSS,41
sg,ASLAN PHARMACEUTICALS PTE LTD,39
sg,ILLUMINA SINGAPORE PTE LTD,36
sg,HILL ROM SERVICES PTE LTD,35
sg,DELTA ELECTRONICS INTL SINGAPORE PTE LTD,32
sg,HCP HEALTHCARE ASIA PTE LTD,31
sg,AVAGO TECH INT SALES PTE LID,30
sg,CLOUD NETWORK TECH SINGAPORE PTE LTD,30
sg,LENOVO ENTPR SOLUTIONS SINGAPORE PTE LTD,29
sg,TAN TOCK SENG HOSPITAL PTE LTD,29
sg,MEDIATEK SINGAPORE PTE LTD,28
sg,WISTA LAB LTD,28
sg,DH TECHNOLOGIES DEV PTE LTD,26
sg,TEMASEK LIFE SCIENCES LABORATORY LTD,26
sg,FLEX LTD,25
sg,NEC ASIA PACIFIC PTE LTD,25
sg,RAKUTEN SYMPHONY SINGAPORE PTE LTD,24
sg,FMC AGRO SINGAPORE PTE LTD,22
sg,SCINOPHARM SINGAPORE PTE LTD,20
sg,AGENCY FOR SCIENCE TECH AND RESEARCH ASTARSTAR,19
sg,HUIDAGENE THERAPEUTICS SINGAPORE PTE LTD,17
sg,ORBUSNEICH MEDICAL PTE LTD,17
sg,TRAX TECHNOLOGY SOLUTIONS PTE LTD,17
sg,OXTI PTE LTD,16
sg,RAZER ASIA PACIFIC PTE LTD,16
sg,UST GLOBAL SINGAPORE PTE LTD,16
sg,AVAGO TECHNOLOGIES GENERAL IP,15
sg,DELTA ELECTRONICS INT’L SINGAPORE PTE LTD,15
sg,HUMMINGBIRD BIOSCIENCE PTE LTD,15
sg,WILMAR INTERNATIONAL LTD,15
sg,AON GLOBAL OPERATIONS LTD SINGAPORE BRANCH,14
sg,BECTON DICKINSON HOLDINGS PTE LTD,14
sg,CELLRESEARCH CORP PTE LTD,14
sg,LEICA INSTR (SINGAPORE) PTE LTD,14
sg,LUCENCE LIFE SCIENCES PTE LTD,14
sg,SUNIA PTE LTD,14
sg,ALIBABA INNOVATION PRIVATE LTD,13
sg,ALIBABA SINGAPORE HOLDING PRIVATE LTD,13
sg,GP NETWORK ASIA PTE LTD,13
sg,MATTEUCCI GIANFRANCO,13
sg,TELEFLEX LIFE SCIENCES PTE LTD,13
sg,AAC TECHNOLOGIES PTE LTD,12
sg,ADAGENE PTE LTD,12
sg,ANTCHAIN TECH PTE LTD,12
sg,EINNOVATIONS HOLDINGS PTE LTD,12
sg,NAT SKIN CENTRE SINGAPORE PTE LTD,12
sg,NITTO DENKO CORP,12
sg,TESSA THERAPEUTICS LTD,12
sg,CREATIVE TECH LTD,11
sg,EPITRONIC HOLDINGS PTE LTD,11
sg,HEPTAGON MICRO OPTICS PTE LTD,11
sg,PANEXO BIOTECH SG PTE LTD,11
sg,RAPSODO PTE LTD,11
sg,RENEW GROUP PRIVATE LTD,11
sg,AMS SENSORS SINGAPORE PTE LTD,10
sg,AON GLOBAL OPERATIONS SE SINGAPORE BRANCH,10
sg,ENVISION DIGITAL INT PTE LTD,10
sg,FORTVITA BIOLOGICS SINGAPORE PTE LTD,10
sg,HUMMINGBIRD BIOSCIENCE HOLDINGS PTE LTD,10
sg,MIRXES LAB PTE LTD,10
sg,ADVANCED NOVA TECH SINGAPORE HOLDING PTE LTD,9
sg,AWAK TECH PTE LTD,9
sg,CREDO BIOMEDICAL PTE LTD,9
sg,ENGINE BIOSCIENCES PTE LTD,9
sg,Hoya Medical Singapore Pte Ltd,9
sg,KAHA PTE LTD,9
sg,LIFESTYLES HEALTHCARE PTE LTD,9
sg,POINT ROBOTICS SINGAPORE PTE LTD,9
sg,RAZER (ASIA-PACIFIC) PTE LTD,9
sg,ACM BIOLABS PTE LTD,8
sg,AGENCY FOR SCIENCE TECH AND RES (A*STAR),8
sg,BITWAVE PTE LTD,8
sg,EKO AI PTE LTD,8
sg,EPIC MEDICAL PTE LTD,8
sg,LIFE TECH HOLDINGS PTE LIMITED,8
sg,LIM CHEE YEN,8
sg,NGEE ANN POLYTECHNIC,8
sg,ONECONNECT FINANCIAL TECH SINGAPORE CO PTE LTD,8
sg,PERFORMANCE LABS PTE LTD,8
sg,PVP LABS PTE LTD,8
sg,TEMASEK LIFE SCIENCES LAB LTD,8
sg,TESSA THERAPEUTICS PTE LTD,8
sg,ALEXANDRA HEALTH PTE LTD,7
sg,AON GLOBAL OPERATIONS PLC SINGAPORE BRANCH,7
sg,AVANSEUS HOLDINGS PTE LTD,7
sg,CERTIS CISCO SECURITY PTE LTD,7
sg,CREDO DIAGNOSTICS BIOMEDICAL PTE LTD,7
sg,DATHENA SCIENCE PTE LTD,7
sg,ENDOMASTER PTE LTD,7
sg,EVYD TECH LIMITED,7
sg,HAISCO PHARMACEUTICALS PTE LTD,7
sg,HISTOINDEX PTE LTD,7
sg,HUIKE SINGAPORE HOLDING PTE LTD,7
sg,INNOVENT BIOLOGICS SINGAPORE PTE LTD,7
sg,JAGUAHR THERAPEUTICS PTE LTD,7
sg,JING KING TECH HOLDINGS PTE LTD,7
sg,LIGHTELLIGENCE PTE LTD,7
sg,NAT UNIV HOSPITAL (SINGAPORE) PTE LTD,7
sg,NEAR PTE LTD,7
sg,OSIM INT PTE LTD,7
sg,SINGAPORE MANAGEMENT UNIV,7
sg,SINGAPORE UNIV OF TECH AND DESIGN,7
sg,SOPHIES BIONUTRIENTS PTE LTD,7
sg,YITU PTE LTD,7
sg,ADVENT ACCESS PTE LTD,6
sg,BACTOCLEAR HOLDINGS PTE LTD,6
sg,BIOBOT SURGICAL PTE LTD,6
sg,CARMINE THERAPEUTICS PTE LTD,6
sg,CHANGI GENERAL HOSPITAL PTE LTD,6
sg,CMS RES & DEVELOPMENT PTE LTD,6
sg,GREY ORANGE PTE LTD,6
sg,IMUNAMI LABORATORIES PTE LTD,6
sg,LIFE TECH HOLDINGS PTE LTD,6
sg,LIU BINGBING,6
sg,MASTERCARD ASIA,6
sg,MEIBAN INT PTE LTD,6
sg,METABRAIN TECH PTE LTD,6
sg,NOVEX SCIENCE PTE LTD,6
sg,PRESTIGE BIOPHARMA PTE LTD,6
sg,SMITH & NEPHEW ASIA PACIFIC PTD LTD,6
sg,SOTER BIOPHARMA PTE LTD,6
sg,STRUCTO PTE LTD,6
sg,TEMASEK POLYTECHNIC,6
sg,UCWEB SINGAPORE PTE LTD,6
sg,VELA OPERATIONS SINGAPORE PTE LTD,6
sg,VIATRIS ASIA PACIFIC PTE LTD,6
sg,AMS OSRAM ASIA PACIFIC PTE LTD,5
sg,ASMPT SINGAPORE PTE LTD,5
sg,BIOSIGNS PTE LTD,5
sg,CHISCAN HOLDINGS PTE LTD,5
sg,CLOUD INTELLIGENCE ASSETS HOLDING SINGAPORE PRIVATE LTD,5
sg,DATASPARK PTE LTD,5
sg,EVEREST MEDICINES SINGAPORE PTE LTD,5
sg,FLEXXON PTE LTD,5
sg,GARENA ONLINE PRIVATE LTD,5
sg,HILL-ROM SERVICES PTE LTD,5
sg,HUMMINGBIRD BIOSCIENCE HOLDINGS LTD,5
sg,INMAGENE PTE LTD,5
sg,Kang Liat KENG,5
sg,MARVELL ASIA PTE LTD REGISTRATION NO 199702379M,5
sg,MATRIX TECH PTE LTD,5
sg,MBP INSIGHTS INC,5
sg,MOJIA BIOTECH PTE LTD,5
sg,MOLEAC PTE LTD,5
sg,NAT UNIVERSITY HOSPITAL SINGAPORE PTE LTD,5
sg,NATIONAL UNIV HOSPITAL (SINGAPORE) PTE LTD,5
sg,OSLABS PTE LTD,5
sg,PCCW VUCLIP SINGAPORE PTE LTD,5
sg,QUATTRO VASCULAR PTE LTD,5
sg,RACER TECH PTE LTD,5
sg,SINGAPORE TELECOMMUNICATIONS LTD,5
sg,THE BIOFACTORY PTE LTD,5
sg,TRAVECTA THERAPEUTICS PTE LTD,5
sg,TRICOG HEALTH PTE LTD,5
sg,VERRENCY HOLDINGS LTD,5
sg,Vios Medical Singapore PTE LTD,5
sg,WISORIG TECH PTE LIMITED,5
sg,23IKIGAI PTE LTD,4
sg,AFFLE INT PTE LTD,4
sg,AMARANTH MEDICAL PTE,4
sg,AMKOR TECH SINGAPORE HOLDING PTE LTD,4
sg,AMS SENSORS ASIA PTE LTD,4
sg,AON SINGAPORE CENTRE FOR INNOVATION STRATEGY AND MAN PTE LTD,4
sg,ASM TECH SINGAPORE PTE LTD,4
sg,AUSTRIANOVA SINGAPORE PTE LTD,4
sg,BCS BUSINESS CONSULTING SERVICES PTE LTD,4
sg,BITMAINTECH PTE LTD,4
sg,CHAO TAR TOONG VICTOR,4
sg,CHNG WENG WAH,4
sg,CONTINENTAL AUTOMOTIVE SINGAPORE PTE LTD,4
sg,DYSON OPERATIONS PTE LTD,4
sg,Delta Electronics Int'l (Singapore) Pte Ltd,4
sg,EDGECORTIX PTE LTD,4
sg,ELID TECH INTERNATIONAL PTE LTD,4
sg,EMAGE VISION PTE LTD,4
sg,ENSIGN INFOSECURITY PTE LTD,4
sg,EPIGENIC THERAPEUTICS PTE LTD,4
sg,ESCO ASTER PTE LTD,4
sg,ETERNAL GRACE PTE LTD,4
sg,GENESIS MEDTECH INTERNATIONAL PRIVATE LTD,4
sg,GERO PTE LTD,4
sg,GLENN ROBERT WAYNE JR,4
sg,GROUP IB GLOBAL PRIVATE LTD,4
sg,GUETA LOUNELL BAHOY,4
sg,HERAEUS MATERIALS SINGAPORE PTE LTD,4
sg,HUAWEI INT PTE LTD,4
sg,IMMUNOSCAPE PTE LTD,4
sg,INMOBI PTE LTD,4
sg,INVIVO MEDICAL PTE LTD,4
sg,IX BIOPHARMA LTD,4
sg,JOYME PTE LTD,4
sg,JUNION LABS PTE LTD,4
sg,LI XIAOPING,4
sg,LIM CHONG HEE,4
sg,LIN WUJUAN,4
sg,LION TCR PTE LTD,4
sg,MEDEZE TREASURY PTE LTD,4
sg,MENICON SINGAPORE PTE LTD,4
sg,NANYANG POLYTECHNIC,4
sg,NCS PTE LTD,4
sg,NDR MEDICAL TECH PTE LTD,4
sg,NEPHEW ASIA PACIFIC PTE LTD,4
sg,OKADA TOSHIYUKI,4
sg,PEREGRINE OPHTHALMIC PTE LTD,4
sg,Poly Gain Pte Ltd,4
sg,RADWISP PTE LTD,4
sg,REALTEK SINGAPORE PRIVATE LTD,4
sg,RHEA GENETICS PTE LTD,4
sg,RYNAN TECH PTE LTD,4
sg,SINGAPORE VOLITION PTE LTD,4
sg,STAR ARRAY PTE LTD,4
sg,TAN TOCK SENG HOSPITAL,4
sg,TRISAIL MEDICAL PTE LTD,4
sg,VELA OPERATIONS PTE LTD,4
sg,VISENZE PTE LTD,4
sg,VISIOTECH VENTURES PTE LTD,4
sg,VOXP PTE LTD,4
sg,WUXI XDC SINGAPORE PRIVATE LTD,4
sg,XIA QIAN,4
sg,XYLONIX IP HOLDINGS PTE LTD,4
sg,XYLONIX PTE LTD,4
sg,YISHENG BIOPHARMA SINGAPORE PTE LTD,4
sg,ZHAO HE,4
sg,ACHHRA SANTOSH LACHHMAN,3
sg,ADVANCED FIRST AID RES PTE LTD,3
sg,AES GLOBAL HOLDINGS PTE LTD,3
sg,AGENCY FOR SCIENCE TECH AND RESEARCH (A*STAR),3
sg,AGENCY FOR SCIENCE TECH AND RESEARCH A*STAR,3
sg,AGENCY FOR SCIENCE TECHNOLOGY AND RESEARCH ASTARSTAR,3
sg,AIPARC HOLDINGS PTE LTD,3
sg,AMARASINGHE SANJAY,3
sg,AMARIS AI PTE LTD,3
sg,AMC FUTURE TECH PTE LTD,3
sg,AMT PTE LTD,3
sg,BRANE COGNITIVES PTE LTD,3
sg,CEREBOS PACIFIC LTD,3
sg,CHAMPS INNOVATIONS PTE LTD,3
sg,CRAFT HEALTH PTE LTD,3
sg,CURIOX BIOSYSTEMS PTE LTD,3
sg,DBS BANK LTD,3
sg,DSO NAT LAB,3
sg,EFFITO PTE LTD,3
sg,ENLEOFEN BIO PTE LTD,3
sg,EPIMEDTECHGLOBAL EMTG,3
sg,ES CELL INT PTE LTD,3
sg,EUCHLOE BIO PTE LTD,3
sg,EVYD RES PRIVATE LIMITED,3
sg,EXPLOR INVEST PTE LTD,3
sg,FITSON SINGAPORE PTE LTD,3
sg,GLOBALFOUNDRIES SG PTE LTD,3
sg,GREYORANGE PTE LTD,3
sg,HANNAH LIFE TECH PTE LTD,3
sg,HOPE TECHNIK PTE LTD,3
sg,HORIZON QUANTUM COMPUTING PTE LTD,3
sg,I SUPPORT PTE LTD,3
sg,INCANDO THERAPEUTICS PTE LTD,3
sg,INNOVATION STREET PTE LTD,3
sg,INST OF BIOENGINEERING AND NANOTECHNOLOGY,3
sg,IRNOVATE PTE LTD,3
sg,JCS BIOTECH PTE LTD,3
sg,KBP BIOSCIENCES PTE LTD,3
sg,KIM HOON,3
sg,KITAJIMA YUSUKE,3
sg,LIFETRACK MEDICAL SYSTEMS PRIVATE LTD,3
sg,LIGATURE THERAPEUTICS PTE LTD,3
sg,LIM KAH MENG,3
sg,LINE BIZPLUS PTE LTD,3
sg,LITE ON SINGAPORE PTE LTD,3
sg,LOH YIN SZE,3
sg,MANN HUMMEL LIFE SCIENCES & ENV HOLDING SINGAPORE PTE LTD,3
sg,MEDISIX THERAPEUTICS INC,3
sg,MEDKLINN TECH PTE LTD,3
sg,MEDO DX PTE LTD,3
sg,MOTIGENIX SINGAPORE PTE LTD,3
sg,NATURION PTE LTD,3
sg,NEC CORP,3
sg,OPULENT ELECTRONICS INT PTE LTD,3
sg,OSIM INT LTD,3
sg,PARAMEVIA PTE LTD,3
sg,PEDRA TECH PTE LTD,3
sg,PROHIBITION X PTE LTD,3
sg,REALTEK SINGAPORE PTE LTD,3
sg,RELIEVE THERAPEUTICS PTE LTD,3
sg,RENEW GROUP PTE LTD,3
sg,RIWAY SINGAPORE PTE LTD,3
sg,ROKT PTE LTD,3
sg,SCG CELL THERAPY PTE LTD,3
sg,SES HOLDINGS PTE LTD,3
sg,SINGAPORE BIOTECH PTE LTD,3
sg,SINGAPORE ZE&Z INT PTE LTD,3
sg,SINGH SHANTNU,3
sg,SMITH & NEPHEW ASIA PACIFIC PTE LIMTED,3
sg,SOCASH PTE LTD,3
sg,STANDARD CHARTERED BANK SINGAPORE LTD,3
sg,Sano V Pte Ltd,3
sg,TACTILIS PTE LTD,3
sg,TAN HOCK HENG DANIEL,3
sg,TAN WILLIAM,3
sg,TENPAY GLOBAL PTE LTD,3
sg,THE CHLOROPLAST PTE LTD,3
sg,THE NATIONAL UNIV OF SINGAPORE,3
sg,THINXTREAM TECH PTD LTD,3
sg,TIKVA ALLOCELL PTE LTD,3
sg,UBER DIAGNOSTICS PTE LTD,3
sg,UNISTRAW HOLDINGS PTE LTD,3
sg,VIZZIO TECH PTE LTD,3
sg,VOYAGER INNOVATIONS HOLDINGS PTE LTD,3
sg,WESTCOM SOLUTIONS PTE LTD,3
sg,WIS TA LABORATORIES LTD,3
sg,WIZ HOLDINGS PTE LTD,3
sg,YCH GROUP PTE LTD,3
sg,YISHENG BIOPHARMA (SINGAPORE) PTE LTD,3
sg,ZHUANG JIANMING,3
sg,7 TRINITY BIOTECH PTE LTD,2
sg,A MENARINI BIOMARKERS SINGAPORE PTE LTD,2
sg,AACHEN SCIENT INTERNATIONAL PTE LTD,2
sg,ABBVIE OPERATIONS SINGAPORE PTE LTD,2
sg,ABM RESPIRATORY CARE PTE LTD,2
sg,ACK3 BIONETICS PTE LTD,2
sg,ACTIVE INTELLIGENCE PTE LTD,2
sg,ADVANCED MEDTECH CORP PTE LTD,2
sg,ADVANIDE HOLDINGS PTE LTD,2
sg,AEM SINGAPORE PTE LTD,2
sg,AGENCY FOR SCIENCE TECH,2
sg,AGENCY FOR SCIENCE TECH AND RESEARCH ASTAR,2
sg,AIOZ PTE LTD,2
sg,AIQ PTE LTD,2
sg,AITREAT PTE LTD,2
sg,ALECTRONA PTE LTD,2
sg,ALMENDRA PTE LTD,2
sg,ALPARC HOLDINGS PTE LTD,2
sg,AMWISE DIAGNOSTICS PTE LTD,2
sg,ANX IIP HOLDING PTE LTD,2
sg,AON GLOBAL OPERATIONS LTD (SINGAPORE BRANCH) (REG T12FC0122F),2
sg,AON GLOBAL OPERATIONS LTD SINGAPORE BRANCH REG T12FC0122F,2
sg,ARONICA PIETRO,2
sg,ARRIVE PTE LTD,2
sg,ASCENT SOLUTIONS PTE LTD,2
sg,ASIA GENOMICS PTE LTD,2
sg,AUDIO ZOOM PTE LTD,2
sg,AUTONYM PTE LTD,2
sg,AVIR MEDICAL PTE LTD,2
sg,Aon Global Operations Ltd (Singapore Branch),2
sg,Aurum Medicare Pte Ltd,2
sg,BARK TECH PTE LTD,2
sg,BELOUSSOV SERGUEI,2
sg,BIOMAP INTELLIGENCE TECH SG PTE LTD,2
sg,BIOMAX HOLDINGS PTE LTD,2
sg,BITCLAVE PTE LTD,2
sg,BLUE AQUA INT PTE LTD,2
sg,BREATHONIX PTE LTD,2
sg,CALL LEVELS PTE LTD,2
sg,CAPILLARY TECH INTERNATIONAL PTE LTD,2
sg,CAPRICORN HOLDING PTE LTD,2
sg,CARGENE THERAPEUTICS PTE LTD,2
sg,CELLIGENICS PTE LTD,2
sg,CELLRES CORP PTE LTD,2
sg,CHENG WEN ZHAO,2
sg,CHEONG SIMON KAI TSE,2
sg,CHUA POH LENG JEFFREY,2
sg,CINIME ASIA PACIFIC PTE LTD,2
sg,CLEARLAB SG PTE LTD,2
sg,COGNIUS AI PTE LTD,2
sg,COOLPAY PTE LTD,2
sg,CYBAVO PTE LTD,2
sg,CYNTEK PTE LID,2
sg,DEFUGO TECH PTE LTD,2
sg,DENKA LIFE INNOVATION RES PTE LTD,2
sg,DIGITAL SURGICALS PTE LTD,2
sg,DIXON JANETTE,2
sg,DIXTECH INNOVATION PTE LTD,2
sg,DOTTER INTELLECTUAL PTE LTD,2
sg,DSO NAT LABORATORIES,2
sg,ECOSPEC NOVELTECH PTE LTD,2
sg,ELID TECH INT PTE LTD,2
sg,EMAGE AI PTE LTD,2
sg,EMAGE AL PTE LTD,2
sg,ENLEOFEN BIO PTD LTD,2
sg,EZAL CONSUMER HEALTHCARE,2
sg,Entropica Labs,2
sg,FLOATING KNIGHT BIOTECH PTE LTD,2
sg,GENEJUNCTION PTE LTD,2
sg,GLENN JR ROBERT WAYNE,2
sg,GMO GLOBALSIGN PTE LTD,2
sg,GOH SOO SIAH,2
sg,GOI LAI HUAT,2
sg,GREENWAVE SYSTEMS PTE LTD,2
sg,GSHIELD ASIA PTE LTD,2
sg,Gokh Su Siakh,2
sg,HCP HEALTHCARE ASIA PTE,2
sg,HDR SG PTE LTD,2
sg,HENDRICKS CORP PTE LTD,2
sg,HONG SEN,2
sg,HOOW FOODS PTE LTD,2
sg,HUAWEI INTERNAT PTE LTD,2
sg,HYPHENS PHARMA PTE LTD,2
sg,ILLINOIS AT SINGAPORE PTE LTD,2
sg,INST OF TECHNICAL EDUCATION,2
sg,INTERVAAL PTE LTD,2
sg,IOLERA HOLDINGS PTE LTD,2
sg,ISKY RES PTE LTD,2
sg,JAIN ANCHAL,2
sg,JEWEL PAYMENTECH PTE LTD,2
sg,JMEDTECH COATING TECH PTE LTD,2
sg,JMEDTECH PTE LTD,2
sg,JOHANNES CHARLES W,2
sg,JYSK SKIN SOLUTIONS PTE LTD,2
sg,KALTIMEX MOBIOL SINGAPORE PTE LTD,2
sg,KANNAN SRINIVASARAGHAVAN,2
sg,KATADA HITOSHI,2
sg,KOFFEEFRUIT PTE LTD,2
sg,KONDREDDI RAVINDER REDDY,2
sg,KWOK FRANCIS,2
sg,KYAN THERAPEUTICS,2
sg,LAN LAN,2
sg,LEE FREDDIE ENG HWEE,2
sg,LENOVO SINGAPORE PET LTD,2
sg,LENOVO SINGAPORE PTE LTD NEW TECH PARK,2
sg,LEOW WEE DAR,2
sg,LERNA BIOPHARMA PTE LTD,2
sg,LI XI,2
sg,LIM KIM HWA,2
sg,LOTUS INT PTE LTD,2
sg,LUCENCE DIAGNOSTICS PTE LTD,2
sg,LUMILEDS SINGAPORE PTE LTD,2
sg,LUU PERCY,2
sg,M LEAGUE PTE LTD,2
sg,MACROGEN ASIA PACIFIC PTE LTD,2
sg,MANLI INT LTD,2
sg,MARITIME AND PORT AUTHORITY OF SINGAPORE,2
sg,MASTERCARD INTERNATIONAL INC,2
sg,MASTERCARD LABS KENYA HOLDINGS PTE LTD,2
sg,MB TECH PARTNERS LTD,2
sg,MEDEZE TREASURY PTD LTD,2
sg,MEDIOS TECH PTE LTD,2
sg,MEDIPURPOSE PTE LTD,2
sg,MEDLINX ACACIA PTE LTD,2
sg,MEDLYVES PTE LTD,2
sg,MEDULLA PRO TECH PTE LTD,2
sg,MERLIN MD PTE LTD,2
sg,MERLION PHARMACEUTICALS PTE LTD,2
sg,MICROMERTICS TECH PTE LTD,2
sg,MICROMETRICS TECH PTE LTD,2
sg,MOOVITA PTE LTD,2
sg,MPICS INNOVATIONS PTE LTD,2
sg,MSD INT GMBH,2
sg,MSD INT GMBH SINGAPORE BRANCH,2
sg,MSM HOLDINGS PTE,2
sg,MUNDRU ASHOK BABU,2
sg,MVGX TECH PTE LTD,2
sg,Matralix Pte Ltd,2
sg,MediSix Therapeutics Pte Ltd,2
sg,N&E INNOVATIONS PTE LTD,2
sg,NANYANG HERBS PTE LTD,2
sg,NANYANG TECH UNVERSITY,2
sg,NAT UNIV HOSPITAL,2
sg,NAT UNIVERSITY HOSPITAL,2
sg,NATIONAL UNIV HOSPITAL,2
sg,NATIONAL UNIV OF SINGAPORE [SG/SG],2
sg,NEONEXUS PTE LTD,2
sg,NEURO CODE HOLDINGS PTE LTD,2
sg,NG TZE KIAT,2
sg,NICE SURGICAL SOLUTIONS PTE LTD,2
sg,NISSHINBO SINGAPORE PTE LTD,2
sg,NOMADD DESERT SOLAR SOLUTIONS PTE LTD,2
sg,NUCLEUS DYNAMICS PTE LTD,2
sg,ONE BIOMED PTE LTD,2
sg,ONG TZE GUAN,2
sg,ORCHID MEDICAL PTE LTD,2
sg,PARTIOR PTE LTD,2
sg,PARTRIDGE ANTHONY W,2
sg,PENSEES PTE LTD,2
sg,PI XCELS PTE LTD,2
sg,PIVIPI LABS PTE LTD,2
sg,PLANO PTE LTD,2
sg,PLENAMED PTE LTD,2
sg,POLYWIN PTE LTD,2
sg,POULADI MAHMOUD ABDULHOSSEIN,2
sg,Protasov Stanislav,2
sg,QUANTIFIED ENERGY LABS PTE LTD,2
sg,QUANTUMCIEL PTE LTD,2
sg,RAKUTEN ASIA PTE LTD,2
sg,RAPPEL JAMES KOLENCHERY,2
sg,RAY Satrajit,2
sg,RED HORSE HOLDINGS PTE LTD,2
sg,RG HEALTHCARE PTE LTD,2
sg,RG INNOVATIONS PTE LTD,2
sg,RG SMART PTE LTD,2
sg,ROOT KING PTE LTD,2
sg,ROSS DIGITAL PTE LTD,2
sg,S ANCIAL PTE LTD,2
sg,SABIC SK NEXLENE COMPANY PTE LTD,2
sg,SCAIFE MARTIN,2
sg,SCICLONE PHARMACEUTICALS INT SG PTE LTD,2
sg,SEMICONDUCTOR TECH & INSTRUMENTS PTE LTD,2
sg,SERV MEDICAL PTE LTD,2
sg,SHOPEE IP SINGAPORE PRIVATE LTD,2
sg,SILEZIA GROUP PTE LTD,2
sg,SILOT PTE LTD,2
sg,SINGAPORE MAN UNIVERSITY,2
sg,SINGAPORE MIT ALLIANCE FOR RESEARCH & TECH CENTRE,2
sg,SINGAPORE POLYTECHNIC,2
sg,SMARTCLEAN TECH PTE LTD,2
sg,SMARTCLEAN TECHNOLOGIES PTE LTD,2
sg,SMUDG COMPANY PTE LTD,2
sg,SOFT SENSE LIFE TECH PTE LTD,2
sg,SOPHIE’S BIONUTRIENTS PTE LTD,2
sg,SPACE PTE LTD,2
sg,SPORTSCIENTIA PTE LTD,2
sg,ST ENG IHQ PTE LTD,2
sg,STOPIC RICHARD,2
sg,STROGOV VLADIMIR,2
sg,SUNIA PTE LTD SINGAPORE,2
sg,SUNIAPTE LTD,2
sg,SYNOPTION PTE LTD,2
sg,TAN JAMES,2
sg,TAN PUAY HOON,2
sg,TEAMSOLVE PTE LTD,2
sg,TECHNOLITE SINGAPORE PTE LTD,2
sg,TEH BIN TEAN,2
sg,TEMASEK LIFE SCIENCES LABORATORY,2
sg,TENDONPLUS MEDICAL PTE LTD,2
sg,THINXTREAM TECH PTE LTD,2
sg,TOUREGO GLOBAL PTE LTD,2
sg,TRAKOMATIC PTE LTD,2
sg,TRANSF ROBOTICS PTE LTD,2
sg,TSLC PTE LTD,2
sg,TURTLETREE LABS PTE LTD,2
sg,TYCHAN PTE LTD,2
sg,VALLAURIX PTE LTD,2
sg,VASCUROS MEDICAL PTE LTD,2
sg,VENKATESAN DAYA,2
sg,VERENCY HOLDINGS LTD,2
sg,VERMA CHANDRA S,2
sg,VERTICAL SOFTWARE ASIA PTE LTD,2
sg,VISCOVERY PTE LTD,2
sg,VUCLIP SINGAPORE PTE LTD,2
sg,WAFE LIFE SCIENCES LTD,2
sg,WANG WENSHENG,2
sg,WAVE LIFE SCIENCES PTE LTD,2
sg,WEALTHTREESG PRIVATE LTD,2
sg,WIGHT RONALD CRAIG,2
sg,WONG FONG ENGINEERING WORKS 1988 PTE LTD,2
sg,Wearne Digital Pte Ltd,2
sg,X ZELL BIOTECH PTE LTD,2
sg,XERAFY SINGAPORE PTE LTD,2
sg,YUEN TSZ YING,2
sg,ZHENG QILIN,2
sg,ZingMobile Pte Ltd,2
sg,1 AGENCY FOR SCIENCE TECH AND RESEARCH,1
sg,1 AGENCY FOR SCIENCE TECHNOLOGY AND RESEARCH,1
sg,1BSTORIES PTE LTD,1
sg,1CITADEL PTE LTD,1
sg,1EXCHANGE PTE LTD,1
sg,23 IKIGAI PTE LTD,1
sg,3D IM PTE LTD,1
sg,AAC OPTICS SOLUTIONS PTE LTD,1
sg,AACHEN SCIENT INT PTE LTD,1
sg,AASTAR PTE LTD,1
sg,ACHROMAZ PTE LTD,1
sg,ACI MEDICAL PTE LTD,1
sg,ACUMEN RES LABORATORIES PTE LTD,1
sg,ADVANCED ANALYZER TECH PTE LTD,1
sg,ADVANCED BIO MACHINES PTE LTD,1
sg,ADVANCED CELL THERAPEUTICS PTE LTD,1
sg,ADVANCED ELECTROACOUSTIC PTE LTD,1
sg,ADVANCED INSTR PTE LTD,1
sg,ADVANCED OPHTHALMIC INNOVATIONS PTE LTD,1
sg,AEA INT HOLDINGS PTE LTD,1
sg,AEVICE HEALTH PTE LTD,1
sg,AFFINIDI PTE LTD,1
sg,AGENCY FOR SCIENCE RESEARCH AND TECH,1
sg,AGENCY FOR SCIENCE TECH & RESEARCH,1
sg,AGENCY FOR SCIENCE TECH AND RESEARCH ASTARSTAR],1
sg,AGENCY FOR SCIENCE TECH AND RESEARCH “ASTARSTAR”,1
sg,AGENCY FOR SCIENCE TECH ANO RESEARCH,1
sg,AGENCY FOR SCIENCE TECH END RESEARCH,1
sg,AGENCY FOR SCIENCE TECH TECH AND RESEARCH,1
sg,AGENCY FOR SCIENCE TECHNOLOGY AND RESEARCH ASTARSTAR],1
sg,AGENCY FOR SCIENCE TECNOLOGY RES,1
sg,AGENCY OR SCIENCE TECH AND RES,1
sg,AGRI-FOOD & VETERINARY AUTHORITY OF SINGAPORE,1
sg,AGRONOSIS PTE LTD,1
sg,AI KAIGO PTE LTD,1
sg,AI PALETTE PTE LTD,1
sg,AI SEER PTE LTD,1
sg,AIM BIOTECH PTE LTD,1
sg,AIMAZING PTE LTD,1
sg,AIMITARI RES PTE LTD,1
sg,AIO TECH RESERVE PTE LTD,1
sg,AIRBUS SINGAPORE PRIVATE LTD,1
sg,AIRES INVESTMENT HOLDINGS PRIVATE LTD,1
sg,AKRIBIS SYSTEMS PTE LTD,1
sg,AKUNAH REFLECT PRIVATE LTD,1
sg,AL SEER PTE LTD,1
sg,ALBATROZ THERAPEUTICS PTE LTD,1
sg,ALBIUS SCIENCES ALPHA PRIVATE LTD,1
sg,ALGAE GLOBAL CENTER PTE LTD,1
sg,ALPACA RES PTE LTD,1
sg,ALPHA DIRECT INSURTECH PTE LTD,1
sg,ALPHACON NETWORK FOUND LTD,1
sg,ALTELLE PTE LTD,1
sg,ALTERNATIVE CAPITAL SOLUTIONS PTE LTD,1
sg,AMARISAI PTE LTD,1
sg,AMCURE BIOSCIENCES PTE LTD,1
sg,AMKOR TECH SINGAPORE HOLDING PTE,1
sg,AMPLE SUSTAINABLE BRANDS PTE LTD,1
sg,ANDERSON MICHAEL,1
sg,ANG AIK MENG,1
sg,ANG GABRIEL JIN JUAN,1
sg,ANG TEOH HWA,1
sg,ANGSANA MOLECULAR AND DIAGNOSTICS LABORATORY PTE LTD,1
sg,ANKON TECHNOLOGIES CO LTD,1
sg,ANOR TECH PTE LTD,1
sg,ANR DESIGN ENG PTE LTD,1
sg,ANTONY PRINCE JAMES SELVARAJ,1
sg,ANTS INNOVATE PTE LTD,1
sg,ANX ANX IP HOLDING PTE LTD,1
sg,ANXIP HOLDING PTE LTD,1
sg,AON SINGAPORE CENTRE FOR INNOVTION STRATEGY AND MAN,1
sg,APEIRON TECH PTE LTD,1
sg,APTIV TECH LTD,1
sg,APTUS BUSINESS LOGIC PTE LTD,1
sg,AQUAEASY PTE LTD,1
sg,ARCTAN ANALYTICS PTE LTD,1
sg,ARECO INT PTE LTD,1
sg,ARLANXEO SINGAPORE PTE LTD,1
sg,AROLI VEETTIL RAJESH KUMAR,1
sg,ARROW MED DESIGN PTE LTD,1
sg,ARROW-MED DESIGN PTE LTD,1
sg,ARTIFICIAL INTELLIGENCE ROBOTICS PTE LTD,1
sg,ASIA BIOTECH PTE LTD,1
sg,ASIA MEDICAL CENTER PRIVATE LTD,1
sg,ASPEX OF BIODYNAMICS PTE LTD,1
sg,ASPEX OF DESIGN PTE LTD,1
sg,ASTORIA SOLUTIONS PTE LTD,1
sg,ASUS GLOBAL PTE LTD,1
sg,AUGMENTUS PTE LTD,1
sg,AUNG TIN,1
sg,AUTONOTECH PTE LTD,1
sg,AVAGO TECH INTERNATIONAL SALES PTE LIMITE,1
sg,AVAGO TECNOLOGIES INTERNATIONAL SALES PTE LTD,1
sg,AVALANCHE STUDIO PTE LTD,1
sg,AVENNETZ TECHNOLOGIES PTE LTD,1
sg,AXCYNSIS THERAPEUTICS PTE LTD,1
sg,AXINAN PTE LTD,1
sg,AXP Solutions Pte Ltd,1
sg,AYZER SENSE TECH PTE LTD,1
sg,Attribuild Pte Ltd,1
sg,Avida Health Pte Ltd,1
sg,BABY JOHN,1
sg,BANSAL RAJESH,1
sg,BARATHI VELUCHAMY AMUTHA,1
sg,BASUKI JOHAN SEBASTIAN,1
sg,BEAUTY NATION PTE LTD,1
sg,BELLION CLOFE TECH PTE LTD,1
sg,BETA MEDTECH PTE LTD,1
sg,BEUERMAN ROGER,1
sg,BHUIYAN MD IHTIMAM HOSSAIN,1
sg,BILLI TECH PTE LTD,1
sg,BINARYFLUX PTE LTD,1
sg,BIOCELL INNOVATIONS PTE LTD,1
sg,BIOCEUTICALS PTE LTD,1
sg,BIOCOZ GLOBAL PTE LTD,1
sg,BIOKEY PTE LTD,1
sg,BIOLIDICS LTD,1
sg,BIOMERS PTE LTD,1
sg,BIORITHM PTE LTD,1
sg,BIOSENSE DIAGNOSTICS PTE LTD,1
sg,BIOSENSORS INT GROUP LTD,1
sg,BIOSYNGEN PTE LTD,1
sg,BIOVASCULAR THERAPEUTICS PTE LTD,1
sg,BIT TRAP PTE LTD,1
sg,BLACKPANDA PTE LTD,1
sg,BLAIR SEAN,1
sg,BLOOMMED TECH PTE LTD,1
sg,BLOOMMED TECH PTE LTD SG,1
sg,BLOSH CO PTE LTD,1
sg,BLUE PLANET ENV SOLUTION PTE LTD,1
sg,BLUE PLANET ENV SOLUTIONS PTE LTD,1
sg,BOEY YIN CHIANG,1
sg,BORECAM ASIA PTE LTD,1
sg,BORRIES PTE LTD,1
sg,BOXTHREE PTE LTD,1
sg,BRIGHTGENE PTE LTD,1
sg,BRILLNICS SINGAPORE PTE LTD,1
sg,BROWN CHRISTOPER J,1
sg,BROWN CHRISTOPHER J,1
sg,BURNNET OR TAI LUNG,1
sg,Bezyazychnyy Dmitry,1
sg,Biotix PTE LTD,1
sg,C/O H3 DYNAMICS PTE LTD,1
sg,CACHE PRIVATE LTD,1
sg,CAI DANQING,1
sg,CALIGNER PTE LTD,1
sg,CAMBRIDGE CENTRE FOR ADVANCED RES AND EDUCATION IN SINGAPORE LTD,1
sg,CANDLEJOY PTE LTD,1
sg,CAPBRIDGE CORNERSTONE PTE LTD,1
sg,CAPILLARY PTE LTD,1
sg,CARMENTIX PTE LTD,1
sg,CASBIO S PTE LTD,1
sg,CELL ID PTE LTD,1
sg,CENNERV PHARMA (S) PTE LTD,1
sg,CENNERV PHARMA S PTE LTD,1
sg,CHAKRABARTI ANJAN,1
sg,CHAN DOREEN,1
sg,CHAN JASON,1
sg,CHAN KELLI ZHAO RONG,1
sg,CHAN SIDNEY SOONG LING,1
sg,CHAN WILLIAM CHI YUEN,1
sg,CHANDY GEORGE KANIANTHARA,1
sg,CHANG JOSEPH SYLVESTER,1
sg,CHANG LIN HUI,1
sg,CHANG MATTHEW WOOK,1
sg,CHANGI AIRPORT GROUP SINGAPORE PTE LTD,1
sg,CHAUHAN GARIMA,1
sg,CHEE KEONG TEE,1
sg,CHEKTEC PTE LTD,1
sg,CHELSEA NISBAN,1
sg,CHEN ANDREW THEODORE,1
sg,CHEN DIZHONG,1
sg,CHEN I MING,1
sg,CHENG JUN,1
sg,CHENG KIT YEW,1
sg,CHENG KONG LEONG,1
sg,CHEUNG CAROL,1
sg,CHEW IAN,1
sg,CHEW KHIEN MEOW DAVID,1
sg,CHEW RONG JIE DAVID,1
sg,CHEW RONG QI PHOEBE,1
sg,CHEW SU CHUEN,1
sg,CHIA NGEOW KHING,1
sg,CHIA XUJIE XAVIER,1
sg,CHIAN KERM SIN,1
sg,CHIBA SHUNSUKE,1
sg,CHIKKA PTE LTD,1
sg,CHIN HON TOH,1
sg,CHISCAN HOLDING PTE LTD,1
sg,CHO MEI SAN GIGI,1
sg,CHOO ALVIN,1
sg,CHRISTOPHER JON PEARCE,1
sg,CHUA MICHELE TSU FERN,1
sg,CHUGAI PHARMABODY RES PTE LTD,1
sg,CINTECHCO TECH PTE LTD,1
sg,CIRCL PTE LTD,1
sg,CIRCULAR IND HOLDING PTE LTD,1
sg,CJ TECH HOLDINGS PTE LTD,1
sg,CLAULT PTE LTD,1
sg,CLEARBRIDGE BIOMEDICS PTE LTD,1
sg,CLEARBRIDGE BIOPHOTONICS PTE LTD,1
sg,CLIMATE RESOURCES EXCHANGE INT PTE LTD,1
sg,CLOUDRADIGM PTE LTD,1
sg,CMT HEALTH PTE LTD,1
sg,CNRS@CREATE,1
sg,CO NUT INK PTE LTD,1
sg,COCONUTZ PTE LTD,1
sg,COHEN ASSAF,1
sg,COMPASS YAP CHENG KANG,1
sg,COMPONENT AEROSPACE SINGAPORE PTE LTD,1
sg,CONEX HEALTHCARE PTE LTD,1
sg,CONFIRMU PTE LTD,1
sg,CONTINALE MEDICAL PTE LTD,1
sg,COOK STUART ALEXANDER,1
sg,COOPER JOSEPH,1
sg,CORTI THERAPEUTICS PTE LTD,1
sg,CRAYON DATA PTE LTD,1
sg,CREDIT SUISSE AG SINGAPORE BRANCH,1
sg,CROUSPEYRE CHARLES HUGUES MAX,1
sg,CROWN DIGITAL PTE LTD,1
sg,CUEZEN INC,1
sg,CURIUM PTE LTD,1
sg,CURTIN DAVID WILLIAM,1
sg,CXA GROUP PTE LTD,1
sg,CYCLECT ELECTRICAL ENG PTE LTD,1
sg,Cheng Wei Ann,1
sg,Cyber Armor Pte Ltd,1
sg,DATA SPARK PTE LTD,1
sg,DATAESP PRIVATE LTD,1
sg,DATHENA SCIENCE PTD LTD,1
sg,DAVIES GARETH,1
sg,DAVISSEN VIRASAWMY,1
sg,DCONSTRUCT TECH PTE LTD,1
sg,DEEPGREEN ENG PTE LTD,1
sg,DEFUGO TECHOLOGIES PTE LTD,1
sg,DELIGHTEX PTE LTD,1
sg,DELTA ELECTRONICS INT SINGAPORE PTE LTD,1
sg,DEMAZURE MARIE,1
sg,DESIKAR JAISHRI ELLENGOVAN,1
sg,DESIWE TECH PTE LTD,1
sg,DESKERA SINGAPORE PTE LTD,1
sg,DESYGNER PTE LTD,1
sg,DETLA ELECTRONICS INTL SINGAPORE PTE LTD,1
sg,DEVADAS YVONNE,1
sg,DH TECH DEVEKIONENT PTE LTD,1
sg,DHARMATILLEKE MEDHA,1
sg,DHARMATILLEKE NANAYAKKARA,1
sg,DI CICCO MAURILIO,1
sg,DIALYSS PTE LTD,1
sg,DIAN ZAHNG,1
sg,DIAPER RECYCLING TECH PTE LTD,1
sg,DIFFERENCE BIOTECH PTE LTD,1
sg,DIGITAL ALPHA GROUP PTE LTD,1
sg,DIGITAL ENTERTAINMENT ASSET PTE LTD,1
sg,DINO TECH PTE LTD,1
sg,DIPTECH PTE LTD,1
sg,DOOOGA TEC PTE LTD,1
sg,DOTBIO PTE LTD,1
sg,DOXA HOLDINGS INT PTE LTD,1
sg,DR CLEAR PTE LTD,1
sg,DRAGONFLY FINTECH PTE LTD,1
sg,DREAMWATER FLOAT,1
sg,DRGEORGIALEE PTE LTD,1
sg,DRUVA TECH PTE LTD,1
sg,DURAPOWER HOLDINGS PTE LTD,1
sg,DYNASTY ESPORTS PTE LTD,1
sg,David William Curtin,1
sg,Delsson Singapore Pte Ltd,1
sg,Du Toit Philip Christopher,1
sg,E2S2 SYSTEMS PTE LTD,1
sg,EASTERN HEALTH ALLIANCE PTE LTD,1
sg,ECOMMERCE ENABLERS PTE LTD,1
sg,EDDE PTE LTD,1
sg,EDKINS STEPHEN,1
sg,EDTECH PLUS PTE LTD,1
sg,EDUCATION INDEX MAN ASIA PACIFIC PTE LTD,1
sg,EDWARDS PAUL JEYASINGHAM,1
sg,EDZHENSI FO SAJENS TEKNOLODZHI END RESERCH,1
sg,EINNOVATIONS HOLDING PTE LTD,1
sg,EINS TECH PTE LTD,1
sg,ELLAMED IP & SERVICES PTE LTD,1
sg,EM2AI Pte Ltd,1
sg,EMAGE TOMO PTE LTD,1
sg,EMM DIAGNOSTICS PTE LTD,1
sg,EMO TECH PTE LTD,1
sg,ENDOSIQ TECH PTE LTD,1
sg,ENERGAIA PTE LTD,1
sg,ENG LOAN PING,1
sg,ENSIGN INFOSECURITY CYBERSECURITY PTE LTD,1
sg,ENSIGN INFOSECURITY PTD LTD,1
sg,ENVISON DIGITAL INT PTE LTD,1
sg,EPIONE RES AND DEVELOPMENT INSTITURE LTD,1
sg,EPIONE RES AND DEVELOPMENT INSTITUTE LTD,1
sg,ETH SINGAPORE SEC LTD,1
sg,ETHERSECURITY PACIFIC HOLDINGS PTE LTD,1
sg,EU YAN SANG INT LTD,1
sg,EUREKA ANALYTICS PTE LTD,1
sg,EVERTRON HOLDINGS PTE LTD,1
sg,EXCELITAS TECH SINGAPORE PTE LTD,1
sg,EXOGEN PTE LTD,1
sg,EYRIS PTE LTD,1
sg,Enjin PTE LTD,1
sg,FABRICA ROBOTICS PTE LTD,1
sg,FANG MING,1
sg,FANG YANG LIT,1
sg,FASTACASH PTE LTD,1
sg,FENG SHU,1
sg,FERMATICS PTE LTD,1
sg,FERRER FERNANDO J,1
sg,FIBROSOFT PTE LTD,1
sg,FLEXOSENSE PTE LTD,1
sg,FMC ARGO SINGAPORE PTE LTD,1
sg,FMCG CONSULTING,1
sg,FMCG CONSULTING LTD,1
sg,FORIS TECH PTE LTD,1
sg,FORTH TV PTE LTD,1
sg,FOX GLACIER ASSET MAN INC,1
sg,FOX GLACIER ASSET MAN LLC,1
sg,FRACTAL COGNITIVES PTE LTD,1
sg,FRANCIS KWOK,1
sg,FRESHTOHOME PTE LTD,1
sg,FSC TECH PTE LTD,1
sg,FULLERTON HEALTHCARE GROUP PTE LTD,1
sg,FUNDNICE PTE LTD,1
sg,FUNG HO CHUNG NICHOLAS,1
sg,Float Foods Pte Ltd,1
sg,G NIUS PTE LTD,1
sg,GAMOT GLOBAL PTE LTD,1
sg,GAO XINTING,1
sg,GARINI TECH CORPORATION PTE LTD,1
sg,GASHUBUNITED UTILITY PTE LTD,1
sg,GATE INFORMATION PTE LTD,1
sg,GELENCSER ZOLTAN,1
sg,GENERAL SYSTEMS SG PTE LTD,1
sg,GENESISPRO PTE LTD,1
sg,GET TO KNOW YOUR BRAIN PTE LTD,1
sg,GHOSH ATINDRA NATH,1
sg,GLOBAL ENGINEERS INVEST SINGAPORE PTE LTD,1
sg,GLOBAL ENGINEERS TECH PTE LTD,1
sg,GLOBAL GENE CORP PTE LTD,1
sg,GLOOBE PTE LTD,1
sg,GO PLUS HOLDINGS PTE LTD,1
sg,GODEVA PTE LTD,1
sg,GOESCH TORSTEN,1
sg,GOH CHERN PING,1
sg,GOH CHIOK LEONG,1
sg,GOH SAN HWA,1
sg,GOODMAN FIELDER PTE LTD,1
sg,GOPAL PAMELA E WEI,1
sg,GOPALAN RAJA,1
sg,GOPI KANNAN G JAPHIRE,1
sg,GOZALI RITA,1
sg,GPS LANDS SINGAPORE PTE LTD,1
sg,GRABTAXI HOLDING PTE LTD,1
sg,GRAND ADVANCE TECH PTE LTD,1
sg,GREENPHYTO PTE LTD,1
sg,GRUPP AJ BI GLOBAL PRAJVET LTD,1
sg,GT ROBOT TECH PTE LTD,1
sg,GUAN ZHIYUAN,1
sg,GUNASEKERAN DINESH VISVA,1
sg,GUPTA SHIKAR,1
sg,GivePlease Pte Ltd,1
sg,Global Healthcare SG Pte Ltd,1
sg,GreenArc Capital,1
sg,H3 DYNAMICS PTE LTD,1
sg,HAISCO INNOVATIVE PHARMACEUTICAL PTE LTD,1
sg,HALESIGHT PTE LTD,1
sg,HALF EPSILON PTE LTD,1
sg,HALSTEAD JOSEPH,1
sg,HANERA PTE LTD,1
sg,HANNAH LIFE,1
sg,HARGREAVES CAROL ANNE DR,1
sg,HEALINT PTE LTD,1
sg,HEALTH PARTNERS PTE LTD,1
sg,HEALTHLINK PROTOCOL PTE LTD,1
sg,HEHEALTH PTE LTD,1
sg,HELAXY INC,1
sg,HEMO BIOENGINEERING PTE LTD,1
sg,HERBA INVEST PTE LTD,1
sg,HEWITT RUSSELL JAMES,1
sg,HI BEAU GROUP PTE LTD,1
sg,HICC PTE LTD,1
sg,HICURA MEDICAL PTE LTD,1
sg,HIJO IP PTE LD,1
sg,HIJO IP PTE LTD,1
sg,HILL ROM SERVICE PTE LTD,1
sg,HILLE JOHANNES,1
sg,HIRAO ICHIRO,1
sg,HISHAB SINGAPORE PRIVATE LTD,1
sg,HO CHUN LOONG,1
sg,HOME CONTROL SINGAPORE PTE LTD,1
sg,HONG GA SZE,1
sg,HOUSING & DEV BOARD,1
sg,HOUSING AND DEV BOARD,1
sg,HOYA MEDICAL SINAPORE PTE LTD,1
sg,HRIBOVSEK FRANCOIS,1
sg,HU YUANYU,1
sg,HUANG MICHELE,1
sg,HUANG YINGYING,1
sg,HUEI LOH YIN,1
sg,HUI DING INT PTE LTD,1
sg,HUIDAGENE THERAPEUTICS PTE LTD,1
sg,HUMANBODY SPACE AI MEDTECH GROUP PTE LTD,1
sg,HUMMINGBIRD BIOSCIENCES HOLDINGS LTD,1
sg,HUNZIKER WALTER,1
sg,HUS UNMANNED SYSTEMS PTE LTD,1
sg,HYPERGENOMICS PTE LTD,1
sg,Horizon IP Pte Ltd,1
sg,Huang ying ying,1
sg,ICO PLATFORM PTE LTD,1
sg,IGIN SMART HYGIENE PTE LTD,1
sg,IIDA TAKEO,1
sg,IKO PTE LTD,1
sg,ILUMINA SINGAPORE PTE LTD,1
sg,IMMUNOA PTE LTD,1
sg,INCOME INSURANCE LTD,1
sg,INDRAKESUMA HISYAM NURSAID,1
sg,INFINITY OPTICS SOLUTIONS PTE LTD,1
sg,INFINIUM ROBOTICS PTE LTD,1
sg,INFO COMMUNICATIONS MEDIA DEV AUTHORITY,1
sg,INHIBIO BIOSCIENCE PTE LTD,1
sg,INNOCIMAB PTE LTD,1
sg,INNOSIMAB PTE LTD,1
sg,INNOSPARKS PTE LTD,1
sg,INNOVENT BIOLOGICS SINGAPORE CO LTD,1
sg,INNOVFUSION PTE LTD,1
sg,INOUE YOHEI,1
sg,INSPIRATE MEDICAL PTE LTD,1
sg,INST OF BIOENGINEERING AND NANOTECHNOLOGY BIOMEDICAL SCIENCES INST,1
sg,INST OF MOLECULAR AND CELL BIOLOGY BIOMEDICAL SCIENCES INSTS,1
sg,INSTITUTE OF MOLECULAR AND CELL BIOLOGY BIOMEDICAL SCIENCES INSTITUTES,1
sg,INTEGRAL TECH S PTE LTD,1
sg,INTRA IMMUSG PRIVATE LTD,1
sg,INTRA IMMUSG PRIVATE LTD SG,1
sg,INVISIRON PTE LTD,1
sg,INZSURE PTE LTD,1
sg,IOTA MEDTECH PTE LTD,1
sg,IPLENA PTE LTD,1
sg,IRON HORSE AI PRIVATE LTD,1
sg,IRON HORSE AL PRIVATE LTD,1
sg,ISHII TOSHIKI,1
sg,ITSEC ANALYTICS PTE LTD,1
sg,Innotech Resources Pte Ltd,1
sg,JATT PTE LTD,1
sg,JAVIS Holdings Pte Ltd,1
sg,JCS Biotech Ptd Ltd,1
sg,JELLICE PIONEER PRIVATE LTD TAIWAN BRANCH SINGAPORE,1
sg,JERRY TAN EYE SURGERY PTE LTD,1
sg,JHA RUPAK KUMAR,1
sg,JIRICEK JAN,1
sg,JJSK R & D PTE LTD,1
sg,JJSK R AND D PTE LTD,1
sg,JJSK R&D Pte Ltd,1
sg,JLWH PTE LTD,1
sg,JN MEDSYS PTE LTD,1
sg,JOHNSON & JOHNSON PTE LTD,1
sg,JOSEPH PALATHINKAL RONY,1
sg,JOTY SHAFIQ RAYHAN,1
sg,JOYINME PTE LTD,1
sg,JTC CORP,1
sg,JUPITER PALACE PTE LTD,1
sg,JURONG TOWN CORP,1
sg,KAEO TECH PTE LTD,1
sg,KAH MENG LIM,1
sg,KAI TAN YI,1
sg,KAISHI PTE LTD,1
sg,KAITHVAS SANJEEV,1
sg,KALE SUMEET,1
sg,KAMON SHOHEI,1
sg,KANG CHEN CHI ANGELINE,1
sg,KANG CONGBAO,1
sg,KANGTI PTE LTD,1
sg,KANZBITAQA PTE LTD,1
sg,KARUNIA SANDY,1
sg,KAWAMURA YUMI,1
sg,KEAT TAN BOON,1
sg,KELLI ZHAO RONG CHAN,1
sg,KENNY CHUA WEI LIANG,1
sg,KEYSIGHT TECH SINGAPORE SALES PTE LTD,1
sg,KHANOLKAR MADHURI JAYANT,1
sg,KHENG TAN YI,1
sg,KIKKOMAN SINGAPORE R&D LABORATORY PTE LTD,1
sg,KIKUCHI KO,1
sg,KIM HWA LIM,1
sg,KIM TACKHOON,1
sg,KISODO PTE LTD,1
sg,KIT YEW CHENG,1
sg,KKT TECH PTE LTD,1
sg,KLASS ENG & SOLUTIONS PTE LTD,1
sg,KNOREX PTE LTD,1
sg,KO IN CEK,1
sg,KO SHWE VENTURES,1
sg,KOH CHENG GEE,1
sg,KOH HWEE LING,1
sg,KOH LI MIN,1
sg,KOH RICHARD SEOH LENG,1
sg,KOURA DRAVID,1
sg,KRONIKARE PTE LTD,1
sg,KRU ENERGY ASIA PTE LTD,1
sg,KULPATI ASHISH,1
sg,KUM STEVEN,1
sg,KUM WEI CHEONG STEVEN,1
sg,KUMAR SANDEEP,1
sg,KURVE AUTOMATION PTE LTD,1
sg,KWOK RICHARD SIONG SEN,1
sg,Kumar jSandeep,1
sg,LAHIRI AMITABHA,1
sg,LAI HUAT GOI,1
sg,LAI SOAK KUAN,1
sg,LAM BRENDA WAN SHING,1
sg,LAM TZE HAU,1
sg,LAMBDAGEN PTE LTD,1
sg,LANE DAVID P,1
sg,LANE SANDEEP KUMAR,1
sg,LAU CHIN CHEUNG ANDREW,1
sg,LAW ANGWEI,1
sg,LEAN STATION PTE LTD,1
sg,LEE BENG HAI,1
sg,LEE DEAN ZI YANG,1
sg,LEE LUKE P,1
sg,LEE MARTIN CHANG SHOU,1
sg,LEE YING,1
sg,LEEWARD PACIFIC PTE LTD,1
sg,LEICA INSTR SINGAPORE 84 PTE LTD,1
sg,LENDDO PTE LTD,1
sg,LENOVO ( SINGAPORE) PTE LTD,1
sg,LENOVO SINGAPORE LTD,1
sg,LEONG MENG FATT,1
sg,LEONG SEH YONG,1
sg,LI BINGBING,1
sg,LI HOI YEUNG,1
sg,LI HUIQI,1
sg,LI JIANMIN,1
sg,LIAN WANG,1
sg,LIAN WEI HUAN,1
sg,LIANG CHIEH WEE,1
sg,LIANG ZIYANG,1
sg,LIBIAO ROBOTICS HOLDINGS PTE LTD,1
sg,LIECHO ADVANCED MAT PTE LTD,1
sg,LIFE TECH HOLDING PTE LTD,1
sg,LIGERA RES PTE LTD,1
sg,LIM CHEE SENG KEITH,1
sg,LIM GUAN LENG,1
sg,LIM JING WEN,1
sg,LIM JOO HWEE,1
sg,LIM KEVIN,1
sg,LIM KIAN YONG,1
sg,LIM SAI KIANG,1
sg,LIM SUSAN M L,1
sg,LIM YE JU,1
sg,LINXENS SINGAPORE PTE LTD,1
sg,LION TCR,1
sg,LIONSBOT INT PTE LTD,1
sg,LIQUID GROUP PTE LTD,1
sg,LITTLE BIT PTE LTD,1
sg,LIU CHANG,1
sg,LIU JIANG,1
sg,LIU JIQUAN,1
sg,LIU WEILONG,1
sg,LIU XIAOHUI,1
sg,LIU ZENGPING,1
sg,LIVIUS PTE LTD,1
sg,LOH XIAN JUN,1
sg,LOKE KAR KIT BERNARD,1
sg,LOMANTO DAVIDE,1
sg,LOMOTIF PRIVATE LTD,1
sg,LONDOBELL LABS PTE LTD,1
sg,LONG QIONGZHEN,1
sg,LONGRUNN MEDICAL FOOD PTE LTD,1
sg,LONGTERM CONCEPT INT PTE LTD,1
sg,LOYALTY ADVANTAGE PTE LTD,1
sg,LU HAO,1
sg,LU TIMOTHY,1
sg,LU ZIYUE,1
sg,LUM WAH LEONG,1
sg,LUMINICELL PTE LTD,1
sg,LUO YUN,1
sg,LYE ELIAS,1
sg,LYNX ANALYTICS PTE LTD,1
sg,LYNXEMI PRIVATE LTD,1
sg,LYNXEMI PTE LTD,1
sg,LYTE VENTURES PTE LTD,1
sg,LYVES HATCHER PTE LTD,1
sg,Lim Ream,1
sg,Liu zhen yun,1
sg,Lucas Andrew Riaz,1
sg,Lucas David Kalim,1
sg,M LEAGUE LTD,1
sg,M-DAQ PTE LTD,1
sg,MACHI KOJI,1
sg,MACHNET SG PTE LTD,1
sg,MAD TECH FOUNDATION LTD,1
sg,MAGNEXT LIFE SCIENCE PTE LTD,1
sg,MAMAME WHOLE FOODS PTE LTD,1
sg,MANI BASKARAN,1
sg,MANJALINK PTE LTD,1
sg,MANJUNATHA ARCHANA,1
sg,MANN HUMMEL LIFE SCIENCE & ENV HOLDING SINGAPORE PTE LTD,1
sg,MAP PLASTICS PTE LTD,1
sg,MARTIN RAINER GABRIEL SCHWEIGER,1
sg,MASSACHUSETTS INST TECHNOLOGY,1
sg,MASTERCARD AISA/PACIFIC PTE LTD,1
sg,MATERCARD ASIA/PACIFIC PTE LTD,1
sg,MATTHIAS SAPUAN,1
sg,MCLINICA PTE LTD,1
sg,MDESIGN SOLUTIONS PTE LTD,1
sg,MEDHA DHARMATILLEKE,1
sg,MEDIUM ACCESS SYSTEMS PRIVATE LTD,1
sg,MEDTECH COATING TECH PTE LTD,1
sg,MEIBAN GROUP PTE LTD,1
sg,MEMSIFT INNOVATIONS PTE LTD,1
sg,MENARINI BIOMARKERS SINGAPORE PTE LTD,1
sg,MENTORICA TECH PTE LTD,1
sg,MENTORICA TECHNOLOGY PTE LTD,1
sg,MESH BIO PTE LTD,1
sg,METAGENOM BIO HOLDINGS PTE LTD,1
sg,METAMATIKS PTE LTD,1
sg,METAVERSE GREEN EXCHANGE PTE LTD,1
sg,METHOD FOR DIAGNOSIS AND PROGNOSIS OF CHRONIC HEART FAILURE,1
sg,MHC MEDICAL NETWORK PTE LTD,1
sg,MICROPOINT TECH PTE LTD,1
sg,MICROSFERE PTE LTD,1
sg,MICROTUBE TECH PTE LTD,1
sg,MIGHTY JAXX INT PTE LTD,1
sg,MILLENNIUM ENTPR PTE LTD,1
sg,MINDBCI PTE LTD,1
sg,MIRACLE MAN PTE LTD,1
sg,MITROL BIOLOGIC PTE LTD,1
sg,MITROL TECH PTE LTD,1
sg,MITSUI CHEMICALS INC,1
sg,MOBIAIR PTE LTD,1
sg,MOBILE HEALTH PTE LTD,1
sg,MODI VIKRAM,1
sg,MONANGE JOHANNA,1
sg,MOZARK PTE LTD,1
sg,MPLUS MEDICAL DEVICE CORP PTE LTD,1
sg,MSC CONSULTING (S) PTE LTD,1
sg,MSC CONSULTING S PTE LTD,1
sg,MSM Holdings Pte Ltd,1
sg,MY SCENT PTE LTD,1
sg,MYCOTECH PTE LTD,1
sg,MYRO INT PTE LTD,1
sg,MYRO INTERNATIONAL PTE LTD,1
sg,Maurilio Di Cicco,1
sg,Meridian Innovation Pte Ltd,1
sg,Mulawadi Fabi,1
sg,MyDoc Pte Ltd,1
sg,NAIR Syam Sasidharan,1
sg,NAMIKI PREC SINGAPORE PTE LTD,1
sg,NAMZ PTE LTD,1
sg,NANOCLEAN S PTE LTD,1
sg,NANY ANG TECHNOLOGICAL UNIV,1
sg,NANYANG BIOLOGICS PTE LTD,1
sg,NANYANG TECHNOLOGICAL UNIVERSITY SINGAPORE,1
sg,NANYANG TECHNOLOGIES UNIV,1
sg,NANYANG TECHNOLOGY UNIV,1
sg,NANYANG TECHNOLOGYICAL UNIV,1
sg,NANYANG TEHNOLOGICAL UNIV,1
sg,NASOTRAK MEDICAL PTE LTD,1
sg,NAT CANCER CT OF SINGAPORE PTE LTD,1
sg,NAT HEALTHCARE GROUP,1
sg,NAT HEART CENTRE SINGAPORE,1
sg,NAT HEART CENTRE SINGAPORE PTE LTD,1
sg,NAT SKIN CENTER (S) PTE LTD,1
sg,NAT SKIN CENTER S PTE LTD,1
sg,NAT SKIN CENTRE S PTE LTD,1
sg,NAT SKIN CT S PTE LTD,1
sg,NAT UNIV OF SINGPORE,1
sg,NAT UNIVERESITY OF SINGAPORE,1
sg,NAT UNIVERSITY HOSPITAL S PTE LTD,1
sg,NATARAJAN KRISHNAMURTHY,1
sg,NATION UNIV HOSPITAL SINGAPORE PTE LTD,1
sg,NATIONAL UNIV HEALTH SYSTEM PTE LTD,1
sg,NATIONAL UNIV HOSPITAL S PTE,1
sg,NATIONAL UNIV HOSPITAL SINGAPORE PTL LTD,1
sg,NATIONAL UNIV OF SINGAPO,1
sg,NATIONAL UNIV OF SINGAPORE NUS,1
sg,NATURAL TRACE PTE LTD,1
sg,NAVAD LIFE SCIENCES PTE LTD,1
sg,NAVEEN PETER,1
sg,NCODE CONSULTANT PTE LTD,1
sg,NDR MEDICAL TECH PRIVATE LIMITED,1
sg,NDR MEDICAL TECHNOLOGY PTE LTD,1
sg,NEC APAC PTE LTD,1
sg,NEPHTECH PTE LTD,1
sg,NERVOTEC PTE LTD,1
sg,NEUOME PEPTIDES PTE LTD,1
sg,NEUROGLEE SCIENCE PTE LTD,1
sg,NEUROGLEE THERAPEUTICS PTE LTD,1
sg,NEWMAN STEPHEN D,1
sg,NEXTAN PTE LTD,1
sg,NEXTKIDNEY SG PTE LTD,1
sg,NEXTSMARTY HOLDINGS PTE LTD,1
sg,NG EDDIE YIN KWEE DR,1
sg,NG JIAN LENG,1
sg,NG YUE LING,1
sg,NICAE SINGAPORE PTE LTD,1
sg,NIRANTAR SAURABH,1
sg,NISBAN CHELSEA,1
sg,NITTO DENKO ASIA TECHNICAL CENTRE PTE LTD,1
sg,NOE HSU MYAT,1
sg,NOMADD DESERT SOLAR SOLUTIONS PTE,1
sg,NOOGGI PTE LTD,1
sg,NSP TECH PTE LTD,1
sg,NU LIFE CONSULTING PTE LTD,1
sg,NUEVOCOR PTE LTD,1
sg,NUGRAN BIOTECH PTE LTD,1
sg,NUMONI PTE LTD,1
sg,NUSMETICS PTE LTD,1
sg,NUTRITION SCIENCE DESIGN PTE LTD,1
sg,Nalagenetics Pte Ltd,1
sg,Navad Life Sciences Pte,1
sg,Neerkoli Pte Ltd,1
sg,Next Opus Ventures LLP,1
sg,OCCUTRACK MEDICAL SOLUTIONS PTE LTD,1
sg,OCUVIX PTE LTD,1
sg,ONEEMPOWER PTE LTD,1
sg,ONG CHOON KIAT,1
sg,ONG SEOW THENG,1
sg,ONG TOON WAH ROLAND,1
sg,ONLINE MERCHANT DISTRIB AND DELIVERY OMDDY,1
sg,ONLINE MERCHANT DISTRIB AND DELIVERY “OMDDY”,1
sg,OPEN4SALE INT PTE LTD,1
sg,OPSIS PTE LTD,1
sg,OPTIMAX MAN SERVICES PTE LTD,1
sg,OPTIONNALYTICS PTE LTD,1
sg,OR TAI LUNG BURNNET,1
sg,ORAICHAIN PTE LTD,1
sg,OREMI AI PRIVATE LTD,1
sg,ORGANIZATIONAL STRATEGIES INT PTE LTD,1
sg,ORICA INT PTE LTD,1
sg,ORIENT G PTE LTD,1
sg,ORSINI GRAVINA LIVIO,1
sg,ORTHOVISION PTE LTD,1
sg,OSBORN JAMIE,1
sg,OSLABB PTE LTD,1
sg,OSTEOPORE INT PTE LTD,1
sg,OTSAW DIGITAL PTE LTD,1
sg,OXION PTE LTD,1
sg,OZAKI MIWAKO,1
sg,PADMANABHAN VISHWANATH,1
sg,PALEXY PTE LTD,1
sg,PANENGAD PRADEEP PAUL,1
sg,PANGAM BALKRISHNA DINESH,1
sg,PANTHERA LABS PTE LTD,1
sg,PARALLELCHAIN LAB PRIVATE LTD,1
sg,PATEL BHARATKUMAR,1
sg,PATHNOVA LABORATORIES PTE LTD,1
sg,PATIL AJIT VILASRAO,1
sg,PATIT PABAN GOSWAMI RAJAT GOSWAMI,1
sg,PAUL JEYASINGHAM EDWARDS,1
sg,PAYWATCH GLOBAL PTE LTD,1
sg,PCCW VUCLIP (SINGAPORE) PTE LTD,1
sg,PEACH INTELLIHEALTH PTE LTD,1
sg,PEARCE CHRISTOPHER JON,1
sg,PEH WEI YAN,1
sg,PENCIL TECH PTE LTD,1
sg,PENG CHENG ADVERSORY & CONSULTANCY SINGAPORE PTE LTD,1
sg,PERFECT NATURE PTE LTD,1
sg,PERUMAL NEMALIN THARUSHEN,1
sg,PETER NAVEEN,1
sg,PHAM BAO,1
sg,PHAM TUAN THACH,1
sg,PHARWAR BIOTECHNOLOGY INC PTE LTD,1
sg,PHARWARD BIOTECHNOLOGY INC PTE LTD,1
sg,PHOENIX MOLECULAR PTE LTD,1
sg,PHOSKA BIOPHARMA PTE LTD,1
sg,PHYX44 PTE LTD,1
sg,PIPER JASON,1
sg,PLANEAT FOODS PTE LTD,1
sg,PNG KIM,1
sg,POH BENSON,1
sg,POINTED BIOTECH PTE LTD,1
sg,POWER OF PLATELETS PTE LTD,1
sg,PREC MEDICAL PTE LTD,1
sg,PRESTIGE BIOPHARMA LTD,1
sg,PRIMEDENT PTE LTD,1
sg,PRIVITI PTE LTD,1
sg,PROCTER & GAMBLE,1
sg,PROFILEPRINT PTE LTD,1
sg,PROVIDEND LTD,1
sg,PROXIMA BETA PTE LTD,1
sg,PRUSOTHMAN M SINA RAJA,1
sg,PSA INT PTE LTD,1
sg,PSLOVE PTE LTD,1
sg,PT APLIKASI KARYA ANAK BANGSA,1
sg,PT GOTO GOJEK TOKOPEDIA TBK,1
sg,PTS TECH PTE LIMITED,1
sg,PTS TECH PTE LTD,1
sg,PUMPABLES PTE LTD,1
sg,PWK HOLDINGS PTE LTD,1
sg,PYROBETT PTE LTD,1
sg,PreciX Pte Ltd,1
sg,Q & M DENTAL GROUP SINGAPORE LTD,1
sg,QI TAN,1
sg,QIN BAOXING,1
sg,QUANTELA PTE LTD,1
sg,QUANTUMTX PTE LTD,1
sg,QUESTOR CAPITAL HOLDINGS LTD,1
sg,QUINTECH LIFESCIENCES PTE LTD,1
sg,QoreNext Pte Ltd,1
sg,R K TECHNOLOGY & INVEST PTE LTD,1
sg,RACER TECHNOLOGY PTE LTD,1
sg,RAGUPATHIRAJ MOHANRAJ,1
sg,RAGUPATHIRAJ NANDHINIDEVI,1
sg,RAJURKAR PANKAJ,1
sg,RAJWANI BHAVESH,1
sg,RAM LIFTING TECH PTE LTD,1
sg,RAM SMAG LIFTING TECH PTE LTD,1
sg,RAM THZ SOLUTIONS PTE LTD,1
sg,RASEKHY PAYMON,1
sg,RAVI KAVITHA,1
sg,RAVINDRAN vivek,1
sg,RAZ R ASIA PACIFIC PTE LTD,1
sg,REA GENETICS PTE LTD,1
sg,REAL ESTATE ANALYTICS PTE LTD,1
sg,RED DOT PAYMENT PTE LTD,1
sg,RENGARAJAN LAVANYA,1
sg,REVERSEADS PTE LTD,1
sg,REXADVANCE TECH PTE LTD,1
sg,RGE SMART PTE LTD,1
sg,RICHARD KOH SEOH LENG,1
sg,RIDY PTE LTD,1
sg,RIGEL TECH S PTE LTD,1
sg,RIGHT HAND CYBER SECURITY PTE LTD,1
sg,RIGHT POSTURE PTE LTD,1
sg,RIVIA RES PTE LTD,1
sg,RKS GLOBAL PTE LTD,1
sg,ROBOGENIX MEDICAL SINGAPORE PTE LTD,1
sg,ROCESO TECH PRIVATE LIMITED,1
sg,ROCK & HERB PTE LTD,1
sg,ROCKWELL AUTOMATION ASIA PACIFIC BUSINESS CENTER PTE LTD,1
sg,ROKKO SYSTEMS PTE LTD,1
sg,ROLLING PASTURES PTE LTD,1
sg,RONALD CRAIG WIGHT,1
sg,ROSS DIGITAL PTD LTD,1
sg,RUBLIX DEV PTE LTD,1
sg,RUNGTA ADITI,1
sg,Radic8 PTE LTD,1
sg,Richards Health Group Pte Ltd,1
sg,Rony Joseph Palathinkal,1
sg,SAFEJECT INT PTE LTD,1
sg,SAFEWALLET PTE LTD,1
sg,SALTMINE PTE LTD,1
sg,SANG CHU YONG,1
sg,SAPUAN MATTHIAS,1
sg,SARKAR TIRTHA MAULI,1
sg,SCHAEFER SEBASTIAN,1
sg,SCHMIDT FLORIAN,1
sg,SCHNEIDER ELECTRIC ASIA PTE LTD,1
sg,SCHULZE ERIC,1
sg,SCHULZE JOHN E,1
sg,SCHWEIGER MARTIN RAINER GABRIEL,1
sg,SCI WAVE PTE LTD,1
sg,SECQURE SURGICAL PTE LTD,1
sg,SEE JARRICK,1
sg,SEE MODE TECH PTE LTD,1
sg,SELF IE ENTERPRISE PRIVATE LTD,1
sg,SELVARENGARAJU MEENA KUMARI,1
sg,SEMBCORP IND LTD,1
sg,SEMBCORP WATERTECH PTE LTD,1
sg,SEMICONDUCTOR TECH & INSTRUMENTS PTE LTD SG,1
sg,SEMICONDUCTOR TECH AND INSTRUMENTS PTE LTD,1
sg,SEMICONDUCTOR TECHNOLOGIES AND INSTR PTE LTD,1
sg,SENESCENCE LIFE SCIENCES PTE LTD,1
sg,SENGENICS CORP PTE LTD,1
sg,SENSERBOT PTE LTD,1
sg,SENSETIME INT PET LTD,1
sg,SENSETIMENTERNATIONAL PTE LTD,1
sg,SERVICES PTE LTD,1
sg,SETIA SAHIL,1
sg,SETYAWAN LEONARDY,1
sg,SEVANTO JARKKO OSKARI,1
sg,SEVENTH SENSE ARTIFICIAL INTELLIGENCE PRIVATE LIMTED,1
sg,SEVENTH SENSE ARTIFICIAL INTELLIGENCE PRIVATE LTD,1
sg,SEVENTH SENSE ARTIFICIAL INTELLIGENCE PVT LTD,1
sg,SG MEDITECH PTE LTD,1
sg,SG MidiTech Pte Ltd,1
sg,SGPTH Life Science AB,1
sg,SHANKAR SURESH VENUGOPALAN,1
sg,SHANTON PHARMA PTE LTD,1
sg,SHARMA PANKAJ,1
sg,SHARMA PRASHANT,1
sg,SHIOK MEATS PTE LTD,1
sg,SHIRAISHI CALCIUM SINGAPORE PTE LTD,1
sg,SHULZE JOHN,1
sg,SHULZE JOHN E,1
sg,SIEMENS MEDICAL INSTR PTE LTD,1
sg,SIIX AGT MEDTECH PTE LTD,1
sg,SILVER FACTORY TECH PTE LTD,1
sg,SIM WEI LIN SANDRA,1
sg,SIMON OLIVER,1
sg,SIMPHARMA PTE LTD,1
sg,SINA RAJA PRUSOTHMAN M,1
sg,SINGAPORE AIRLINES LTD,1
sg,SINGAPORE EYE RES INST,1
sg,SINGAPORE EYE RES INSTITUTE,1
sg,SINGAPORE GENERAL HOSPITAL,1
sg,SINGAPORE GREEN CHEMICAL ENG PTE LTD,1
sg,SINGAPORE HEALTH SERVCIES PTE LTD,1
sg,SINGAPORE HEALTH SERVICES PTD LTD,1
sg,SINGAPORE HEALTH SERVICES PTE,1
sg,SINGAPORE HEALTH SERVICES PTEL LTD,1
sg,SINGAPORE HEALTH SERVICES PTELTD,1
sg,SINGAPORE INNOVATE PTE LTD,1
sg,SINGAPORE INST FOR CLINICAL SCIENCES A STAR,1
sg,SINGAPORE INST FOR CLINICAL SCIENCES A-STAR,1
sg,SINGAPORE INST FOR CLINICAL SCIENCES BIOMEDICAL SCIENCES INSTS,1
sg,SINGAPORE MAN UNIV,1
sg,SINGAPORE MEDSENSE TECH PTE LTD,1
sg,SINGAPORE MINISTRY OF HEALTH OFFICE FOR HEALTHCARE TRANSF,1
sg,SINGAPORE MINISTRY OF HEALTH OFFICE OF HEALTHCARE TRANSF,1
sg,SINGAPORE MINISTRY OF HEATH OFFICE FOR HEALTHCARE TRANSF,1
sg,SINGAPORE NAT EYE CENTER PTE LTD,1
sg,SINGAPORE NAT EYE CENTRE PTE LTD,1
sg,SINGAPORE PREC INDUSTRIES PTE LTD,1
sg,SINGAPORE PRESS HOLDINGS LTD,1
sg,SINGAPORE TECH ELECTRONICS LIMITED,1
sg,SINGAPORE TELECOMM LTD,1
sg,SINGAPORE UNIV OF TECHNOLOGY & DESIGN,1
sg,SINGAPORE ZE&Z INTERNAT PTE LTD,1
sg,SINGAPORE ZE&ZINTERNATIONAL PTE LTD,1
sg,SINGH BRIJESH KUMAR,1
sg,SINGHAI PRANJUL,1
sg,SINGHEALTH SERVICES PTE LTD,1
sg,SINGPILOT PTE LTD,1
sg,SINGTEL CYBER SECURITY SINGAPORE PTE LTD,1
sg,SINHA SANJAY KUMAR,1
sg,SINOPSEE THERAPEUTICS,1
sg,SIRIONLABS PTE LTD,1
sg,SIT NORMA,1
sg,SIVALENKA VIJAYASARADHI,1
sg,SIX CAPITAL PTE LTD,1
sg,SIXAN PTE LTD,1
sg,SIXSCAPE COMMUNICATIONS PTE LTD,1
sg,SKAINOM PTE LTD,1
sg,SKIBINSKI DAVID,1
sg,SKYWORKS GLOBAL PTE LTD,1
sg,SLEDGER FOUND PTE LTD,1
sg,SLIP PAY TECH PTE LTD,1
sg,SMALL BATCH LEARNING PTE LTD,1
sg,SMARTCOMM ELECTRONICS PTE LTD,1
sg,SMARTMISSIMO TECH PTE LTD,1
sg,SMARTRX PTE LTD,1
sg,SMITH & NEPEW ASIA PACIFIC PTE LTD,1
sg,SMITH & NEPHEW ASIA PACIFIC LTD,1
sg,SMITH & NEPHEW ASIA PACIFIC PLE LTD,1
sg,SMITH & NEPHEW ASIA PACIFIC PTE LIIMITED,1
sg,SMITH & NEPHEW ASIA PACIFIC PTE LIMTTED,1
sg,SMITH & NEPHEW ASIAN PACIFIC PTE LTD,1
sg,SMITH & NEPHEW PTD LTD,1
sg,SMITH & NEPHEW PTE LTD SMITH,1
sg,SMITH NEPHEW ASIA PACIFIC PTE LTD,1
sg,SMITH PAUL WILLIAM,1
sg,SMITH&NEPHEW PTE LTD,1
sg,SNITH & NEPHEW ASIA PACIFIC PTE LTD,1
sg,SOH BOON PING,1
sg,SOH BOON-PING,1
sg,SOL X PTE LTD,1
sg,SOLUBOTS PTE LTD,1
sg,SOMNETICS GLOBAL PTE LTD,1
sg,SONE HIROKI,1
sg,SOPHIE?S BIONUTRIENTS PTE LTD,1
sg,SOSALE BHARGAV,1
sg,SP POWERASSETS LTD,1
sg,SPACEBRAINZ PRIVATE LTD,1
sg,SPAYCE ASIA PTE LTD,1
sg,SPAYCEASIA PTE LTD,1
sg,SPECTRUMEDICS INT PTE LTD,1
sg,SPOROGENICS PTE LTD,1
sg,ST ELECTRONICS (TRAINING & SIMULATION SYSTEMS) PTE LTD,1
sg,ST ELECTRONICS TRAINING & SIMULATION SYSTEMS,1
sg,ST ELECTRONICS TRAINING & SIMULATION SYSTEMS PTE LTD,1
sg,ST ENG ELECTRONICS LTD,1
sg,ST ENG INNOSPARKS PTE LTD,1
sg,ST ENG LAND SYSTEMS LTD,1
sg,ST ENG URBAN SOLUTIONS LTD,1
sg,ST ENGINEERING ADVANCED MAT ENGINEERING PTE LTD,1
sg,ST MICROELECTRONICS ASIA,1
sg,ST MICROELECTRONICS ASIA PACIFIC PTE LTD,1
sg,ST MICROELECTRONICS PTE LTD,1
sg,STANDARD CHARTERED BANK,1
sg,STARSHOT PTE LTD,1
sg,STEMCELL ESSENTIALS PTE LTD,1
sg,STEP SURGICAL PTE LTD,1
sg,STEPHEN D NEWMAN,1
sg,STERLING IP PTE LTD,1
sg,STF LABS PTE LTD,1
sg,STR8BAT SPORTS TECH SOLUTIONS OTE,1
sg,STR8BAT SPORTS TECH SOLUTIONS PTE LTD,1
sg,STRAITDEER PTE LTD,1
sg,SU XINYI,1
sg,SUI JIANJUN,1
sg,SUMITOMO SEIKA SINGAPORE PTE LTD,1
sg,SUN ELECTRIC PTE LTD,1
sg,SUN MIAO,1
sg,SUN MOBILITY PTE LTD,1
sg,SUN SINGAPORE SYSTEMS PTE LTD,1
sg,SUN VASAN ABE,1
sg,SUNIA,1
sg,SUNTORY BEVERAGE & FOOD ASIA PTE LTD,1
sg,SUNTORY BEVERAGE AND FOOD ASIA PTE LTD,1
sg,SUPERSYMMETRY PTE LTD,1
sg,SUPPORT PTE LTD I,1
sg,SUPREME QI PTE LTD,1
sg,SURBANA JURONG PRIVATE LTD,1
sg,SURBANA JURONG PTE LTD,1
sg,SURECLEAN PTE LTD,1
sg,SURESH SUBRA,1
sg,SYNPHNE PTE LTD,1
sg,Sano V Ptd Ltd,1
sg,Sigenic Pte Ltd,1
sg,Silanna UV Technologies Pte Ltd,1
sg,Silva Zolezzi lrma,1
sg,Simpple Pte Ltd,1
sg,Singular Health Pte Ltd,1
sg,Sundararajan Anandan Ethirkottai,1
sg,TAASCOM INC,1
sg,TAM JAMES P,1
sg,TAN BOON OOI PATRICK,1
sg,TAN CHIEH SUAI,1
sg,TAN HIANG KHOON,1
sg,TAN JOCELYN LIYING,1
sg,TAN KIM SONG MICHAEL,1
sg,TAN NGAN MENG,1
sg,TAN PATRICK BOON OOI,1
sg,TAN PUAY HIANG,1
sg,TAN QI,1
sg,TAN QUEENIE SHU WOON,1
sg,TAN SENG CHUAN,1
sg,TAN SEOW LOONG,1
sg,TAN TOCK SENG HOSPITAL PTE LTD TTSH,1
sg,TAN YAW SING,1
sg,TAY HSIEN TSUNG,1
sg,TAY JING WEN MARCUS,1
sg,TAY KIANG HIONG,1
sg,TEAPASAR PTE LTD,1
sg,TECHMED HEALTH PTE LTD,1
sg,TECHSSISTED SURGICAL PTE LTD,1
sg,TEE CHEE KEONG,1
sg,TELECOM EQUIPMENT PTE LTD,1
sg,TEMASEK LIFE SICENCES LABORATORY LTD,1
sg,TENG WOON CHIEN CECILIA,1
sg,TEO YIN NAH,1
sg,TEOH TZE KEN JONATHAN JULIAN,1
sg,TETSUYU HEALTHCARE HOLDINGS PTE LTD,1
sg,THE BEAUTY NATION PTE LTD,1
sg,THE CHLOROPLASTPTE LTD,1
sg,THE CLINICIAN PTE LTD,1
sg,THE HONGKONG AND SHANGHAI BANKING CORPORATION LTD,1
sg,THE MONETARY AUTHORITY OF SINGAPORE,1
sg,THE SQIX COMPANY PTE LTD,1
sg,TOH CHIN HON,1
sg,TOKU E BIOTECH LABORATORY PTE LTD,1
sg,TON LUONG HOA,1
sg,TOOKITAKI HOLDING PTE LTD,1
sg,TOP GLOVE INT SDN BHD,1
sg,TRAVECTA THERAPEUTICS INC,1
sg,TRAX TECH SOLUTIONS PIE LTD,1
sg,TRAX TECH SOLUTIOS PTE LTD,1
sg,TRAX TECHNOLIGY SOLUTION PTE LTD,1
sg,TRAX TECHNOLOLGY SOLUTIONS PTE LTD,1
sg,TREK 2000 INT LTD,1
sg,TREK TECH (S) PTE LTD,1
sg,TREK TECH S PTE LTD,1
sg,TRIA PTE LTD,1
sg,TRIDENT CORPORATE SERVICES SINGAPORE PTE LTD AS TRUSTEE FOR THE ONEPLACE UNIT TRUST,1
sg,TRITECH WATER TECH PTE LTD,1
sg,TSG THERAPEUTICS PTE LTD,1
sg,TUMMANAPALLI SATYANARAYANA,1
sg,TURTLETREE LAB PTE LTD,1
sg,TWO BIRDS MEDICAL PTE LTD,1
sg,TYSANA PTE LTD,1
sg,Tan Yong Heng,1
sg,Teo Guo Liang,1
sg,UHOO PTE LTD,1
sg,UIB HOLDINGS PTE LTD,1
sg,UIB HOLDINGS PTE LTE,1
sg,ULTRASOUND ASSISTED MEDTECH PTE LTD,1
sg,ULTRON TECHNIQUES PTE LTD,1
sg,UMITRON PTE LTD,1
sg,UNICITY PROPERTIES INC,1
sg,UNISTRAWHOLDINGS PTE LTD,1
sg,UNITED CREST HEALTHCARE PTE LTD COMPANY,1
sg,UPPSALA PTE LTD,1
sg,UST GLOBAL SINGAPORE PTE LTE,1
sg,UTIBA PTE LTD,1
sg,UTU PTE LTD,1
sg,V3 SMART TECH PTE LTD,1
sg,VAC4ALL PTE LTD,1
sg,VADARO PTE LTD,1
sg,VALDIMIR PTE LTD,1
sg,VANGUARD INIERNATIONAL SEMICONDUCTOR SINGAPORE PTE LTD,1
sg,VANGUARD INT SEMICONDUCTOR SINGAPORE PTE LTD,1
sg,VASCUROS MEDICAL,1
sg,VECHAIN FOUNDATION LTD,1
sg,VENIA MEDICAL SYSTEMS PTE LTD,1
sg,VENKATARAMAN KARTHIK,1
sg,VENKATASUBRAMANIAN ARUN,1
sg,VENKATRAMAN SUBRAMANIAN,1
sg,VERRENCY HOLDINGS PTE LTD,1
sg,VERTICAL OCEANS PTE LTD,1
sg,VESL PTE LTD,1
sg,VI DIMENSIONS PTE LTD,1
sg,VIATRIS ASIA PACIFIC PTD LTD,1
sg,VIEL PIERRE EMMANUEL,1
sg,VIGILANTECH PTE LTD,1
sg,VIITAR PTE LTD,1
sg,VIN DE BONA TRADING CO PTE LTD,1
sg,VIN DE BONA TRADING COMPANY PTE LTD,1
sg,VISAK FINANCIAL TECH PTE LTD,1
sg,VISION QUEST DESIGN PTE LTD,1
sg,VISRE PTE LTD,1
sg,VITRUVIANMD PTE LTD,1
sg,VIVO SURGICAL PRIVATE LTD,1
sg,VOSSELER HANS GUENTER,1
sg,VOSSELER HANS-GÜNTER,1
sg,VOUCHER ACTIVATION IP SERVICES PTE LTD,1
sg,VUCLIP (SINGAPORE) PTE LTD,1
sg,VULCAN AI PTE LTD,1
sg,VVB BIO PTE LTD,1
sg,VYAS RAHUL,1
sg,Ventani Pietro,1
sg,Veshkurtsev Nikita,1
sg,Viralint Pte Ltd,1
sg,WAH CHNG WENG,1
sg,WAN HAI LINES SINGAPORE PTE LTD,1
sg,WANG BEI,1
sg,WANG CHENG I,1
sg,WANG HAIWEI,1
sg,WANG LIAN,1
sg,WANG QIANG,1
sg,WEE LIANG CHIEH,1
sg,WEI LONG ELECTRONICS ENG PTE LTD,1
sg,WHALESAVE PTE LTD,1
sg,WHISPER HOLDINGS PTE LTD,1
sg,WHITE ROBERT,1
sg,WIDJAJA ANISSA,1
sg,WIESNER STEVEN,1
sg,WILLIAMS MEREDITH,1
sg,WILLOWMORE PTE LTD,1
sg,WILM ANDREAS,1
sg,WILMAR INT LTD,1
sg,WILMAR TRADING PTE LTD,1
sg,WIN TUN TUN,1
sg,WINDY HILL PTE LTD,1
sg,WINNER SG PTE LTD,1
sg,WISEBRACE PTE LTD,1
sg,WISTA LABORATORIES LTD,1
sg,WOLFCREEK BIOTECH PTE LTD,1
sg,WONDER TECH PTE LTD,1
sg,WONG FRANCIS,1
sg,WONG KOK ANN,1
sg,WONG TIEN YIN,1
sg,WONG WING KEE DAMON,1
sg,WOWLINK PTE LTD,1
sg,WU XUDONG,1
sg,Wah June Hwang,1
sg,Wong Marie,1
sg,XENTIQ PARTNERS (PTE ) LTD,1
sg,XENTIQ PARTNERS PTE LTD,1
sg,XIONG MINRU GORDON,1
sg,XJERA LABS PTE LTD,1
sg,XU CHEN,1
sg,XU ENQI,1
sg,XU SHAN,1
sg,XU YING,1
sg,XU ZILONG,1
sg,XU ZONGYUAN,1
sg,XUE KUN,1
sg,Xenolis Pte Ltd,1
sg,YANG MO,1
sg,YANG WEI,1
sg,YAP CHENG KANG COMPASS,1
sg,YARDSTICK PTE LTD,1
sg,YE YAWEI,1
sg,YEN PAUL M,1
sg,YEO KHUNG KEONG,1
sg,YEO RONNE,1
sg,YEO RONNE WEE YEH,1
sg,YEO WENQI,1
sg,YEUNG BRYAN KS,1
sg,YIJIAHE SINGAPORE PTE LTD,1
sg,YIN FENGSHOU,1
sg,YIN SZE LOH,1
sg,YIP CHOI MEI,1
sg,YOKOKAWA FUMIAKI,1
sg,YONG HAI TECH PTE LTD,1
sg,YONG JIMMY,1
sg,YOST SHAWN,1
sg,YSQ INT PTE LTD,1
sg,YU FONG CHUAN JULIAN,1
sg,YUMCHA STUDIOS PTE LTD,1
sg,ZAIREN SALLEH MR,1
sg,ZECO SYSTEMS PTD LTD,1
sg,ZECO SYSTEMS PTE LTD,1
sg,ZENO THERAPEUTICS PTE LTD,1
sg,ZENSUNG PTE LTD,1
sg,ZERO2 5 BIOTECH PTE LTD,1
sg,ZHANG DANIEL,1
sg,ZHANG DIAN,1
sg,ZHANG HAOCHUAN,1
sg,ZHANG JIANNING,1
sg,ZHANG JUN JI,1
sg,ZHANG YIZHONG,1
sg,ZHANG YONGTAI,1
sg,ZHANG ZHUO,1
sg,ZHAO XINXIN,1
sg,ZHIYAO ZHOU,1
sg,ZILLIACUS THOMAS HENRIK,1
sg,ZIXXE PTE LTD,1
sg,ZIYUE LU,1
sg,ZONGYUAN XU,1
sg,ZOU BIN,1
sg,Zhang xiao xiao,1
sg,Zhuang jian ming,1
sg,comGateway (S) Pte Ltd,1
