assignee,sector
1 AGENCY FOR SCIENCE TECH AND RESEARCH,public_rd
1 AGENCY FOR SCIENCE TECHNOLOGY AND RESEARCH,public_rd
1BSTORIES PTE LTD,company
1CITADEL PTE LTD,company
1EXCHANGE PTE LTD,company
23 IKIGAI PTE LTD,company
23IKIGAI PTE LTD,company
365 TECH HOLDING LIMITED,company
365 TECH HOLDING LTD,company
365 TECHNOLOGIES HOLDING LTD,company
3D IM PTE LTD,company
5GEN CARE LTD,company
6J BIOTECHNOLOGY HONG KONG LTD,company
6J BIOTECHNOLOGY LTD,company
7 TRINITY BIOTECH PTE LTD,company
A & B HK COMPANY LTD,company
A MENARINI BIOMARKERS SINGAPORE PTE LTD,company
AAC OPTICS SOLUTIONS PTE LTD,company
AAC TECHNOLOGIES PTE LTD,company
AACHEN SCIENT INT PTE LTD,company
AACHEN SCIENT INTERNATIONAL PTE LTD,company
AASTAR PTE LTD,company
ABBVIE OPERATIONS SINGAPORE PTE LTD,company
ABM RESPIRATORY CARE PTE LTD,company
ACCRO BIOSCIENCE HK,company
ACCRO BIOSCIENCE HK LTD,company
ACE COMMUNICATIONS LTD,company
ACERAND THERAPEUTICS HONG KONG LTD,company
ACHIEVER TECH LTD,company
ACHROMAZ PTE LTD,company
ACI MEDICAL PTE LTD,company
ACK3 BIONETICS PTE LTD,company
ACM BIOLABS PTE LTD,company
ACOUSTIC ARC INTERNATIONAL LTD,company
ACSYS HOLDINGS LTD,company
ACT GENOMICS IP CO LTD,company
ACT GENOMICS IP LTD,company
ACTIVE INTELLIGENCE PTE LTD,company
ACTIVWELL LTD,company
ACTYWELL DIGITAL LTD,company
ACUMEN RES LABORATORIES PTE LTD,company
ADAGENE PTE LTD,company
ADVANCE ELECTRONIC AND MEDICAL IND COMPANY LTD,company
ADVANCE ELECTRONIC AND MEDICAL INDUSTRIES COMPANY LTD,company
ADVANCED ANALYZER TECH PTE LTD,company
ADVANCED APPLIED TECH LTD,company
ADVANCED BIO MACHINES PTE LTD,company
ADVANCED BIOMEDICAL INSTRUMENTATION CENTRE LTD,company
ADVANCED CELL THERAPEUTICS PTE LTD,company
ADVANCED ELECTROACOUSTIC PTE LTD,company
ADVANCED FIRST AID RES PTE LTD,company
ADVANCED INSTR PTE LTD,company
ADVANCED MEDTECH CORP PTE LTD,company
ADVANCED NOVA TECH SINGAPORE HOLDING PTE LTD,company
ADVANCED OPHTHALMIC INNOVATIONS PTE LTD,company
ADVANIDE HOLDINGS PTE LTD,company
ADVANTEK SERUM LABORATORIES LTD,company
ADVENT ACCESS PTE LTD,company
AEA INT HOLDINGS PTE LTD,company
AEM SINGAPORE PTE LTD,company
AENCO TECH LIMITED,company
AENEAS TECH LIMITED,company
AEOLUS ROBOTICS CORPORATION LTD,company
AES GLOBAL HOLDINGS PTE LTD,company
AEVICE HEALTH PTE LTD,company
AFFINIDI PTE LTD,company
AFFLE INT PTE LTD,company
AGENCY FOR SCIENCE RESEARCH AND TECH,public_rd
AGENCY FOR SCIENCE TECH,public_rd
AGENCY FOR SCIENCE TECH & RESEARCH,public_rd
AGENCY FOR SCIENCE TECH AND RES (A*STAR),public_rd
AGENCY FOR SCIENCE TECH AND RESEARCH (A*STAR),public_rd
AGENCY FOR SCIENCE TECH AND RESEARCH A*STAR,public_rd
AGENCY FOR SCIENCE TECH AND RESEARCH ASTAR,public_rd
AGENCY FOR SCIENCE TECH AND RESEARCH ASTARSTAR,public_rd
AGENCY FOR SCIENCE TECH AND RESEARCH ASTARSTAR],public_rd
AGENCY FOR SCIENCE TECH AND RESEARCH “ASTARSTAR”,public_rd
AGENCY FOR SCIENCE TECH ANO RESEARCH,public_rd
AGENCY FOR SCIENCE TECH END RESEARCH,public_rd
AGENCY FOR SCIENCE TECH TECH AND RESEARCH,public_rd
AGENCY FOR SCIENCE TECHNOLOGY AND RESEARCH ASTARSTAR,public_rd
AGENCY FOR SCIENCE TECHNOLOGY AND RESEARCH ASTARSTAR],public_rd
AGENCY FOR SCIENCE TECNOLOGY RES,public_rd
AGENCY OR SCIENCE TECH AND RES,public_rd
AGENCY SCIENCE TECH & RES,public_rd
AGILIS ROBOTICS LTD,company
AGILITECH LTD,company
AGRI-FOOD & VETERINARY AUTHORITY OF SINGAPORE,public_rd
AGRONOSIS PTE LTD,company
AI BIOMATERIAL HEALTHTECH LTD,company
AI GUIDED LTD,company
AI KAIGO PTE LTD,company
AI MNEMONIC LTD,company
AI PALETTE PTE LTD,company
AI ROBOTICS LTD,company
AI SEER PTE LTD,company
AIM BIOTECH PTE LTD,company
AIMAZING PTE LTD,company
AIMITARI RES PTE LTD,company
AIO TECH RESERVE PTE LTD,company
AIOZ PTE LTD,company
AIPARC HOLDINGS PTE LTD,company
AIQ PTE LTD,company
AIRBUS SINGAPORE PRIVATE LTD,company
AIRES INVESTMENT HOLDINGS PRIVATE LTD,company
AIRPORT AUTHORITY,public_rd
AITREAT PTE LTD,company
AKRIBIS SYSTEMS PTE LTD,company
AKUNAH REFLECT PRIVATE LTD,company
AL SEER PTE LTD,company
ALAMAK BIOSCIENCES INCORPORATION COMPANY LTD,company
ALBATROZ THERAPEUTICS PTE LTD,company
ALBAUGH ASIA PACIFIC LTD,company
ALBIUS SCIENCES ALPHA PRIVATE LTD,company
ALCOLEAR LTD,company
ALEBUND PHARMACEUTICALS HONG KONG LTD,company
ALECTRONA PTE LTD,company
ALEPHOSON BIOPHARMACEUTICALS LTD,company
ALEXANDRA HEALTH PTE LTD,company
ALGAE GLOBAL CENTER PTE LTD,company
ALIBABA GROUP SERVICES LTD,company
ALIBABA INNOVATION PRIVATE LTD,company
ALIBABA SINGAPORE HOLDING PRIVATE LTD,company
ALIPAY LABS SINGAPORE PTE LTD,company
ALIS PHARMA LTD,company
ALMENDRA PTE LTD,company
ALPACA RES PTE LTD,company
ALPARC HOLDINGS PTE LTD,company
ALPHA AI TECH LIMITED,company
ALPHA DIRECT INSURTECH PTE LTD,company
ALPHACON NETWORK FOUND LTD,company
ALPHATECH INTERNATIONAL LTD,company
ALTELLE PTE LTD,company
ALTERNATIVE CAPITAL SOLUTIONS PTE LTD,company
AMARANTH MEDICAL PTE,company
AMARIS AI PTE LTD,company
AMARISAI PTE LTD,company
AMC FUTURE TECH PTE LTD,company
AMCURE BIOSCIENCES PTE LTD,company
AMKOR TECH SINGAPORE HOLDING PTE,company
AMKOR TECH SINGAPORE HOLDING PTE LTD,company
AMORV IP COMPANY LTD,company
AMPLE SUSTAINABLE BRANDS PTE LTD,company
AMS OSRAM ASIA PACIFIC PTE LTD,company
AMS SENSORS ASIA PTE LTD,company
AMS SENSORS SINGAPORE PTE LTD,company
AMT PTE LTD,company
AMVAC HONG KONG LTD,company
AMWISE DIAGNOSTICS PTE LTD,company
ANGITIA BIOMEDICINES LTD,company
ANGSANA MOLECULAR AND DIAGNOSTICS LABORATORY PTE LTD,company
ANIWEAR COMPANY LTD,company
ANKON TECHNOLOGIES CO LTD,company
ANOR TECH PTE LTD,company
ANR DESIGN ENG PTE LTD,company
ANTCHAIN TECH PTE LTD,company
ANTENGENE BIOLOGICS LTD,company
ANTENGENE DISCOVERY LTD,company
ANTENGENE THERAPEUTICS LTD,company
ANTPOOL TECH LIMITED,company
ANTS INNOVATE PTE LTD,company
ANTS TECH (HK) LIMITED,company
ANTS TECH (HK) LTD,company
ANTS TECH HK LIMITED,company
ANX ANX IP HOLDING PTE LTD,company
ANX IIP HOLDING PTE LTD,company
ANX IP HOLDING PTE LTD,company
ANXIP HOLDING PTE LTD,company
AOK TOOLING LTD,company
AON GLOBAL OPERATIONS LTD (SINGAPORE BRANCH) (REG T12FC0122F),company
AON GLOBAL OPERATIONS LTD SINGAPORE BRANCH,company
AON GLOBAL OPERATIONS LTD SINGAPORE BRANCH REG T12FC0122F,company
AON GLOBAL OPERATIONS PLC SINGAPORE BRANCH,company
AON GLOBAL OPERATIONS SE SINGAPORE BRANCH,company
AON SINGAPORE CENTRE FOR INNOVATION STRATEGY AND MAN PTE LTD,public_rd
AON SINGAPORE CENTRE FOR INNOVTION STRATEGY AND MAN,public_rd
AP INFOSENSE LTD,company
APEIRON TECH PTE LTD,company
APPICINE THERAPEUTICS HK LTD,company
APPLIED ADVANCED TECHNOLOGIES LTD,company
APPLIED BIOPHOTONICS LTD,company
APPLIED SCIENCE & TECH RES,public_rd
APRINOIA THERAPEUTICS LTD,company
APTACURE THERAPEUTICS LTD,company
APTIV TECH LTD,company
APTORUM THERAPEUTICS LTD,company
APTUS BUSINESS LOGIC PTE LTD,company
AQUAEASY PTE LTD,company
AQUAMED LTD,company
ARBELE LTD,company
ARCTAN ANALYTICS PTE LTD,company
ARCTIC OCEAN TINORE TRADE CO LTD,company
ARECO INT PTE LTD,company
ARLANXEO SINGAPORE PTE LTD,company
ARRIVE PTE LTD,company
ARROW MED DESIGN PTE LTD,company
ARROW-MED DESIGN PTE LTD,company
ARTIFICIAL INTELLIGENCE ROBOTICS PTE LTD,company
ARUZE GAMING HONG KONG LTD,company
ASCENT SOLUTIONS PTE LTD,company
ASCENTAGE PHARMA GROUP CORP LTD,company
ASG INSPIRATION LABORATORY LTD,company
ASIA BASE TECH LIMITED,company
ASIA BIOTECH PTE LTD,company
ASIA GENOMICS PTE LTD,company
ASIA MEDICAL CENTER PRIVATE LTD,company
ASIA PACIFIC MEDICAL TECH DEV COMPANY LTD,company
ASIA PACIFIC MEDICAL TECH DEVELOPMENT COMPAN Y LTD,company
ASIA PACIFIC MEDICAL TECH DEVELOPMENT COMPANY LTD,company
ASIA PACIFIC MEDICAL TECHNOLOGY DEVELOPMENT COMPANY LTD,company
ASIABASE TECH LIMITED,company
ASIABASE TECH LTD,company
ASIABASE TECHNOLOGIES LTD,company
ASIAN PRIME SOURCES LTD,company
ASLAN PHARMACEUTICALS PTE LTD,company
ASM TECH SINGAPORE PTE LTD,company
ASMPT SINGAPORE PTE LTD,company
ASPEX OF BIODYNAMICS PTE LTD,company
ASPEX OF DESIGN PTE LTD,company
ASTEC INT LTD,company
ASTEE INTERNATIONAL LTD,company
ASTORIA SOLUTIONS PTE LTD,company
ASUS GLOBAL PTE LTD,company
AT&T Global Network Services Hong Kong LTD,company
ATHENEX HK INNOVATIVE LTD,company
ATHENEX THERAPEUTICS LTD,company
AUDIO ZOOM PTE LTD,company
AUGMENTUS PTE LTD,company
AUISET BIOTECHNOLOGY COMPANY LTD,company
AUKI MATTERLESS LTD,company
AURORA INTERNATIONAL LTD,company
AUSMED GLOBAL LTD,company
AUSTRIANOVA SINGAPORE PTE LTD,company
AUTHPAPER LTD,company
AUTOMATED MACHINE LEARNING LTD,company
AUTOMATION FOR HUMANITY LTD,company
AUTONOTECH PTE LTD,company
AUTONYM PTE LTD,company
AUXILIA LTD,company
AVAGO TECH INT SALES PTE LID,company
AVAGO TECH INTERNATIONAL SALES PTE LIMITE,company
AVAGO TECHNOLOGIES GENERAL IP,company
AVAGO TECNOLOGIES INTERNATIONAL SALES PTE LTD,company
AVALANCHE STUDIO PTE LTD,company
AVALON BIOLOGICS LTD,company
AVALON BIOMEDICAL (MANAGEMENT) LTD,company
AVALON BIOMEDICAL MAN LIMITED,company
AVALON BONE SUPPLEMENT HK LTD,company
AVALON FLAVIVIRAL THERAPEUTICS HK LTD,company
AVALON HEPAPOC LTD,company
AVALON NANOSILVER RX HK LTD,company
AVALON PHOTONICS HK LTD,company
AVALON PHOTONICS HK LTD APL,company
AVALON POLYTOM HK LTD,company
AVALON SPINECARE HK LTD,company
AVALON STERITECH LTD,company
AVANSEUS HOLDINGS PTE LTD,company
AVANT MEATS COMPANY LTD,company
AVENNETZ TECHNOLOGIES PTE LTD,company
AVIR MEDICAL PTE LTD,company
AWAK TECH PTE LTD,company
AXCYNSIS THERAPEUTICS PTE LTD,company
AXINAN PTE LTD,company
AXP Solutions Pte Ltd,company
AYZER SENSE TECH PTE LTD,company
AZURE GAMING HONG KONG LTD,company
Aon Global Operations Ltd (Singapore Branch),company
Attribuild Pte Ltd,company
Aurum Medicare Pte Ltd,company
Avida Health Pte Ltd,company
BACTOCLEAR HOLDINGS PTE LTD,company
BANDBERRY LTD,company
BANMA ZHIXING NETWORK HONGKONG CO LTD,company
BANUBA LTD,company
BARK TECH PTE LTD,company
BBPOS LTD,company
BCS BUSINESS CONSULTING SERVICES PTE LTD,company
BEACON MEDCARE HK LTD,company
BEAUTY NATION PTE LTD,company
BECTON DICKINSON HOLDINGS PTE LTD,company
BELITE BIO HK LTD,company
BELLION CLOFE TECH PTE LTD,company
BELUM TECH IP COMPANY LIMITED,company
BELUN TECH COMPANY LIMITED,company
BELUN TECH IP COMPANY LIMITED,company
BESTOP GROUP HOLDINGS LTD,company
BETA MEDTECH PTE LTD,company
BETAGEN SCIENT LIMITED,company
BETTER AIR INTERNATIONAL LTD,company
BGI HEALTH HK COMPANY LTD,company
BIGO TECH PTE LTD,company
BILLI TECH PTE LTD,company
BILLION KING INT LTD,company
BILLION KING INTERNATIONAL LTD,company
BINARYFLUX PTE LTD,company
BINATONE ELECTRONICS INTERNATIONAL LTD,company
BING BIOTECH LTD,company
BIO CANCER TREAT INTERNATIONAL LIMITED,company
BIO CANCER TREATMENT INT LTD,company
BIO MEDICAL ENG HK LTD,company
BIO-CANCER TREAT INT LTD,company
BIO-CANCER TREAT INTERNATIONAL LIMITED,company
BIO-MEDICAL ENG (HK) LTD,company
BIOBOT SURGICAL PTE LTD,company
BIOCELL INNOVATIONS PTE LTD,company
BIOCEUTICALS PTE LTD,company
BIOCOZ GLOBAL PTE LTD,company
BIOGTS GREEN ENERGY COMPANY LTD,company
BIOKEY PTE LTD,company
BIOLIDICS LTD,company
BIOLUX RES HOLDINGS INC,company
BIOMAP INTELLIGENCE TECH SG PTE LTD,company
BIOMAX HOLDINGS PTE LTD,company
BIOMERS PTE LTD,company
BIORITHM PTE LTD,company
BIOSENSE DIAGNOSTICS PTE LTD,company
BIOSENSORS INT GROUP LTD,company
BIOSIGNS PTE LTD,company
BIOSYNGEN PTE LTD,company
BIOVASCULAR THERAPEUTICS PTE LTD,company
BIRDIE BIOPHARMACEUTICALS INC,company
BIT TRAP PTE LTD,company
BITCLAVE PTE LTD,company
BITMAINTECH PTE LTD,company
BITWAVE PTE LTD,company
BLACK JACK TECH CO LIMITED,company
BLACKPANDA PTE LTD,company
BLOCKPASS IDN LTD,company
BLOOMMED TECH PTE LTD,company
BLOOMMED TECH PTE LTD SG,company
BLOSH CO PTE LTD,company
BLUE AQUA INT PTE LTD,company
BLUE MEDICAL INNOVATION LTD,company
BLUE PLANET ENV SOLUTION PTE LTD,company
BLUE PLANET ENV SOLUTIONS PTE LTD,company
BLUE UMBRELLA LTD,company
BLUESAIL NEW VALVE TECH ASIA LTD,company
BORECAM ASIA PTE LTD,company
BORRIES PTE LTD,company
BOSANY ENV LTD,company
BOXTHREE PTE LTD,company
BRANE COGNITIVES PTE LTD,company
BRASS RING INTERNATIONAL DENSITY ENTERPRISE LTD,company
BREATHONIX PTE LTD,company
BRIDEA IP LTD,company
BRIGHT CLINICAL RES LIMITED,company
BRIGHT CLINICAL RES LTD,company
BRIGHT KINGDOM GLOBAL SOURCING LTD,company
BRIGHTGENE PTE LTD,company
BRILLNICS SINGAPORE PTE LTD,company
BUCKYOL LTD,company
BYTON LTD,company
Benir Baby LTD,company
Biotix PTE LTD,company
Bloomy Lotus Ltd,company
C MER RAINSOPTICS LTD,company
C/O H3 DYNAMICS PTE LTD,company
C2 SYSTEMS LTD,company
CACHE PRIVATE LTD,company
CAFE X TECH LTD,company
CAINIAO SMART LOGISTICS NETWORK HONG KONG LTD,company
CALIGNER PTE LTD,company
CALL LEVELS PTE LTD,company
CAMBRIDGE CENTRE FOR ADVANCED RES AND EDUCATION IN SINGAPORE LTD,public_rd
CANADIAN CHIROPRACTIC CENTRE LTD,company
CANDACE GUIDANCE SIGNAGE LTD,company
CANDLEJOY PTE LTD,company
CANWELL BIOTECH LTD,company
CAPBRIDGE CORNERSTONE PTE LTD,company
CAPILLARY PTE LTD,company
CAPILLARY TECH INTERNATIONAL PTE LTD,company
CAPRICORN HOLDING PTE LTD,company
CARE AUTOMATION HOLDINGS LTD,company
CARGENE THERAPEUTICS PTE LTD,company
CARMENTIX PTE LTD,company
CARMINE THERAPEUTICS PTE LTD,company
CASBIO S PTE LTD,company
CASETAGRAM LTD,company
CASTARALO LTD,company
CELL ID PTE LTD,company
CELLIGENICS PTE LTD,company
CELLRES CORP PTE LTD,company
CELLRESEARCH CORP PTE LTD,company
CELLULAR BIOMEDICINE GROUP HK LTD,company
CENNERV PHARMA (S) PTE LTD,company
CENNERV PHARMA S PTE LTD,company
CENTER FOR NEUROMUSCULOSKELETAL RESTORATIVE MEDICINE LTD,public_rd
CENTER FOR REGENERATIVE MEDICINE AND HONG KONG HEALTH HONG KONG INST OF SCIENCE & INNOVATION,public_rd
CENTRAL VICTORY LTD HK,company
CENTRE FOR EYE AND VISION RES LIMITED,public_rd
CENTRE FOR GARMENT PRODUCTION LTD,public_rd
CENTRE FOR IMMUNOLOGY & INFECTION LTD,public_rd
CENTRE FOR INTELLIGENT MULTIDIMENSIONAL DATA ANALYSIS LTD,public_rd
CENTRE FOR NOVOSTICS,public_rd
CENTRE FOR NOVOSTICS LTD,public_rd
CENTRE FOR ONCOLOGY AND IMMUNOLOGY LTD,public_rd
CENTRE FOR REGENERATIVE MEDICINE AND HEALTH HONG KONG INSTITUTE OF SCIENCE & INNOVATION CHINESE ACAD,public_rd
CENTRE FOR REGENERATIVE MEDICINE AND HEALTH HONG KONG INSTITUTE OF SCIENCE AND INNOVATION,public_rd
CENTRE FOR TRANSLATIONAL STEM CELL BIOLOGY LTD,public_rd
CENTRE FOR VIROLOGY VACCINOLOGY AND THERAPEUTICS LIMITED,public_rd
CENTRE FOR VIROLOGY VACCINOLOGY AND THERAPEUTICS LTD,public_rd
CENTURY INT ENTPR LTD,company
CENTURY INTERNATIONAL ENTERPRISES LTD,company
CEREBOS PACIFIC LTD,company
CERTIS CISCO SECURITY PTE LTD,company
CHAMPS INNOVATIONS PTE LTD,company
CHANGI AIRPORT GROUP SINGAPORE PTE LTD,company
CHANGI GENERAL HOSPITAL PTE LTD,public_rd
CHEER GLOBAL LTD,company
CHEKTEC PTE LTD,company
CHI X ASIA PACIFIC HOLDINGS LTD,company
CHIKKA PTE LTD,company
CHINESE UNIV OF HONG KONG,university
CHISCAN HOLDING PTE LTD,company
CHISCAN HOLDINGS PTE LTD,company
CHOW TAI FOOK JEWELLERY CO LTD,company
CHRYSUS INTELLECTUAL PROPERTIES LTD,company
CHUGAI PHARMABODY RES PTE LTD,company
CHUN WO CONSTRUCTION & ENGINEERING CO LTD,company
CINIME ASIA PACIFIC PTE LTD,company
CINTECHCO TECH PTE LTD,company
CIRCL PTE LTD,company
CIRCULAR IND HOLDING PTE LTD,company
CIRQ TECH LIMITED,company
CITY UNIV OF HONG KONG,university
CITY UNIV OF IIONG KONG,university
CJ TECH HOLDINGS PTE LTD,company
CLAULT PTE LTD,company
CLAVES LIFE SCIENCES LTD,company
CLEAR ROBOTICS LTD,company
CLEARBRIDGE BIOMEDICS PTE LTD,company
CLEARBRIDGE BIOPHOTONICS PTE LTD,company
CLEARLAB SG PTE LTD,company
CLEARONE COMMUNICATIONS HONG KONG LTD,company
CLEVER MOTION TECH LIMITED,company
CLEVER MOTION TECH LTD,company
CLIMATE RESOURCES EXCHANGE INT PTE LTD,company
CLOUD INTELLIGENCE ASSETS HOLDING SINGAPORE PRIVATE LTD,company
CLOUD NETWORK TECH SINGAPORE PTE LTD,company
CLOUDRADIGM PTE LTD,company
CM HK LTD,company
CMS RES & DEVELOPMENT PTE LTD,company
CMT HEALTH PTE LTD,company
CNRS@CREATE,public_rd
CO NUT INK PTE LTD,company
COCONUTZ PTE LTD,company
COGNIUS AI PTE LTD,company
COHERENT BIOPHARMA I LTD,company
COLLATR LTD,company
COMEPA INDUSTRIES LTD,company
COMPASS TECH COMPANY LIMITED,company
COMPASS TECH COMPANY LTD,company
COMPONENT AEROSPACE SINGAPORE PTE LTD,company
COMPUTIME LTD,company
CONEX HEALTHCARE PTE LTD,company
CONFIRMU PTE LTD,company
CONNECT BIOPHARMA HONG KONG LTD,company
CONNECT BIOPHARMA HONGKONG LTD,company
CONSUMABLES MEDICAL PACIFIC IND LTD,company
CONTEMPORARY AMPEREX TECHNOLOGY HONG KONG LTD,company
CONTIN TECH LIMITED,company
CONTINALE MEDICAL PTE LTD,company
CONTINENTAL AUTOMOTIVE SINGAPORE PTE LTD,company
CONTRENDIAN LTD,company
CONVERGENCE SYSTEMS LTD,company
CONVOCATION CO LTD,company
COOLING ELECTRONICS CO LTD,company
COOLPAY PTE LTD,company
CORTI THERAPEUTICS PTE LTD,company
CORXEL PHARMACEUTICALS HONG KONG LTD,company
COVERGO LTD,company
CPMASTERPIECE CO LTD,company
CRAFT HEALTH PTE LTD,company
CRAGE MEDICAL CO LTD,company
CRAYON DATA PTE LTD,company
CREATION PLUS BIOTECHNOLOGY CO LTD,company
CREATIVE TECH LTD,company
CREDIT SUISSE AG SINGAPORE BRANCH,company
CREDO BIOMEDICAL PTE LTD,company
CREDO DIAGNOSTICS BIOMEDICAL PTE LTD,company
CREEDON TECH HK LIMITED,company
CRIMSON TAG LTD,company
CROWN DIGITAL PTE LTD,company
CRYOELECTRIC SCIENCE LTD,company
CSC ROBOTIC ENGINEERING LTD,company
CTR INTELLECTUAL PROPERTY CO LTD,company
CUEZEN INC,company
CURIOX BIOSYSTEMS PTE LTD,company
CURIUM PTE LTD,company
CXA GROUP PTE LTD,company
CYBAVO PTE LTD,company
CYCLECT ELECTRICAL ENG PTE LTD,company
CYNTEK PTE LID,company
CYRCADIA ASIA LTD,company
City Iniversity of Hong Kong,university
Cyber Armor Pte Ltd,company
D2V LTD,company
DATA SPARK PTE LTD,company
DATAESP PRIVATE LTD,company
DATASPARK PTE LTD,company
DATHENA SCIENCE PTD LTD,company
DATHENA SCIENCE PTE LTD,company
DAXCHAIN LTD,company
DAYTON TECH LIMITED,company
DBS BANK LTD,company
DCIC BIOPHARMACEUTICAL LTD,company
DCONSTRUCT TECH PTE LTD,company
DECODE CURE LTD,company
DEEP LONGEVITY LTD,company
DEEP TRANSLATE LTD,company
DEEPGREEN ENG PTE LTD,company
DEFOND COMPONENTS LTD,company
DEFUGO TECH PTE LTD,company
DEFUGO TECHOLOGIES PTE LTD,company
DELIGHTEX PTE LTD,company
DELTA ELECTRONICS INT SINGAPORE PTE LTD,company
DELTA ELECTRONICS INTL SINGAPORE PTE LTD,company
DELTA ELECTRONICS INT’L SINGAPORE PTE LTD,company
DENKA LIFE INNOVATION RES PTE LTD,company
DERMACLIP HONGKONG LTD,company
DESIWE TECH PTE LTD,company
DESKERA SINGAPORE PTE LTD,company
DESYGNER PTE LTD,company
DETLA ELECTRONICS INTL SINGAPORE PTE LTD,company
DH TECH DEVEKIONENT PTE LTD,company
DH TECHNOLOGIES DEV PTE LTD,company
DIAGCOR BIOSCIENCE INC LTD,company
DIALYSS PTE LTD,company
DIAPER RECYCLING TECH PTE LTD,company
DIFFERENCE BIOTECH PTE LTD,company
DIGILOCK ASIA LTD,company
DIGITAL ALPHA GROUP PTE LTD,company
DIGITAL DOMAIN ENTERPRISES GROUP LTD,company
DIGITAL ENTERTAINMENT ASSET PTE LTD,company
DIGITAL SURGICALS PTE LTD,company
DIGITAL TOOLS COMPANY LTD,company
DIGITAL TRANSACTION LTD,company
DINO TECH PTE LTD,company
DIPTECH PTE LTD,company
DIS DEVELOPMENT LTD,company
DIXTECH INNOVATION PTE LTD,company
DOLA TECH LIMITED,company
DOOOGA TEC PTE LTD,company
DOTBIO PTE LTD,company
DOTTER INTELLECTUAL PTE LTD,company
DOXA HOLDINGS INT PTE LTD,company
DR CLEAR PTE LTD,company
DRAGON VICTORY DEV LTD,company
DRAGONFLY FINTECH PTE LTD,company
DRD LIFESCIENCES GROUP LTD,company
DREAMTEC INTELLECTUAL PROPERTY LTD,company
DRGEORGIALEE PTE LTD,company
DRUVA TECH PTE LTD,company
DSG TECHNOLOGY HOLDINGS LTD,company
DSO NAT LAB,public_rd
DSO NAT LABORATORIES,public_rd
DURAPOWER HOLDINGS PTE LTD,company
DYNAMIC CENTURY HOLDINGS LTD,company
DYNASTY ESPORTS PTE LTD,company
DYSON OPERATIONS PTE LTD,company
Delsson Singapore Pte Ltd,company
Delta Electronics Int'l (Singapore) Pte Ltd,company
E2S2 SYSTEMS PTE LTD,company
EAST PACIFIC IND LTD,company
EASTERN HEALTH ALLIANCE PTE LTD,company
EASTERN VISION LTD,company
EBATTE HOLDINGS LTD,company
EC COUNCIL INTERNATIONAL LTD,company
ECO BIOMASS TECH COMPANY LIMITED,company
ECOMMERCE ENABLERS PTE LTD,company
ECOSPEC NOVELTECH PTE LTD,company
EDANZ GROUP LTD,company
EDDE PTE LTD,company
EDGECORTIX PTE LTD,company
EDTECH PLUS PTE LTD,company
EDUCATION INDEX MAN ASIA PACIFIC PTE LTD,company
EDZHENSI FO SAJENS TEKNOLODZHI END RESERCH,public_rd
EFFITO PTE LTD,company
EIELING TECH LIMITED,company
EINNOVATIONS HOLDING PTE LTD,company
EINNOVATIONS HOLDINGS PTE LTD,company
EINS TECH PTE LTD,company
EKO AI PTE LTD,company
ELECTRICAL AND MECH SERVICES DEPARTMENT THE GOVERNMENT OF HONG KONG SPECIAL ADMINISTRATIVE RE,public_rd
ELECTRICAL AND MECH SERVICES DEPARTMENT THE GOVERNMENT OF THE HONG KONG SPECIAL ADMINISTRATIV,public_rd
ELEGANT BEST INVESTMENT LTD,company
ELID TECH INT PTE LTD,company
ELID TECH INTERNATIONAL PTE LTD,company
ELIXIRON IMMUNOTHERAPEUTICS HONG KONG LTD,company
ELIXIRON IMMUNOTHERAPEUTICS HONG KONG LTD HK,company
ELLAMED IP & SERVICES PTE LTD,company
EM2AI Pte Ltd,company
EMAGE AI PTE LTD,company
EMAGE AL PTE LTD,company
EMAGE TOMO PTE LTD,company
EMAGE VISION PTE LTD,company
EMERGING VIRAL DIAGNOSTICS HK LTD,company
EMERGING VIRAL DIAGNOSTICS LTD,company
EMERGING VIRAL THRAPEUTICS LTD,company
EMM DIAGNOSTICS PTE LTD,company
EMO TECH PTE LTD,company
EMV ENHANCE HK LTD,company
EMV MERS HK LTD,company
ENANO HEALTH LTD,company
ENDOMASTER PTE LTD,company
ENDOSIQ TECH PTE LTD,company
ENDOWAYS HONG KONG MEDICAL CO LTD,company
ENERGAIA PTE LTD,company
ENGINE BIOSCIENCES PTE LTD,company
ENLEOFEN BIO PTD LTD,company
ENLEOFEN BIO PTE LTD,company
ENSIGN INFOSECURITY CYBERSECURITY PTE LTD,company
ENSIGN INFOSECURITY PTD LTD,company
ENSIGN INFOSECURITY PTE LTD,company
ENTEROMED LTD,company
ENVISION DIGITAL INT PTE LTD,company
ENVISON DIGITAL INT PTE LTD,company
ENZYNOMICS H K LTD,company
EPIC MEDICAL PTE LTD,company
EPIGENIC THERAPEUTICS PTE LTD,company
EPIMAB BIOTHERAPEUTICS HK LTD,company
EPIMAD BIOTHERAPEUTICS HK LTD,company
EPIONE RES AND DEVELOPMENT INSTITURE LTD,company
EPIONE RES AND DEVELOPMENT INSTITUTE LTD,company
EPISODE SIX LTD,company
EPITRONIC HOLDINGS PTE LTD,company
EPONA BIOTEC LTD,company
ES CELL INT PTE LTD,company
ESCAPEX LTD,company
ESCO ASTER PTE LTD,company
ETERNAL GRACE PTE LTD,company
ETH SINGAPORE SEC LTD,company
ETHERSECURITY PACIFIC HOLDINGS PTE LTD,company
EU YAN SANG INT LTD,company
EUBULUS BIOTHERAPEUTICS HONG KONG LTD,company
EUCHLOE BIO PTE LTD,company
EUREKA ANALYTICS PTE LTD,company
EV71 HK LTD,company
EVEREST MEDICINES SINGAPORE PTE LTD,company
EVERGREEN LAND LTD,company
EVERSUS INTERNATIONAL LTD,company
EVERTRON HOLDINGS PTE LTD,company
EVISION TECH LIMITED,company
EVYD RES PRIVATE LIMITED,company
EVYD TECH LIMITED,company
EWIG INDUSTRIES MACAO COMMERCIAL OFFSHORE LTD,company
EXCELITAS TECH SINGAPORE PTE LTD,company
EXOGEN PTE LTD,company
EXPERT AI ENABLING LTD,company
EXPLOR INVEST PTE LTD,company
EXPLORUS SURGICAL LTD,company
EXRHERA LTD,company
EYRIS PTE LTD,company
Enjin PTE LTD,company
Entropica Labs,company
FABRICA ROBOTICS PTE LTD,company
FARM LOCALLY LTD,company
FASTACASH PTE LTD,company
FBD BIOLOGICS LTD,company
FERMATICS PTE LTD,company
FIBROSOFT PTE LTD,company
FIFTH FORCE TECH LIMITED,company
FIH HONG KONG LTD,company
FIND SOLUTION ARTIFICIAL INTELLIGENCE LTD,company
FIRST GAIN INT LTD,company
FITSON SINGAPORE PTE LTD,company
FLAT PLANET LTD,company
FLEX LTD,company
FLEXOSENSE PTE LTD,company
FLEXXON PTE LTD,company
FLOATING KNIGHT BIOTECH PTE LTD,company
FMC AGRO SINGAPORE PTE LTD,company
FMC ARGO SINGAPORE PTE LTD,company
FMCG CONSULTING LTD,company
FOREVER CHEER HOLDING LTD,company
FOREVER CHEER INTERNATIONAL LTD,company
FORIS TECH PTE LTD,company
FORSTAR LTD,company
FORTH TV PTE LTD,company
FORTVITA BIOLOGICS SINGAPORE PTE LTD,company
FOX GLACIER ASSET MAN INC,company
FOX GLACIER ASSET MAN LLC,company
FRACTAL COGNITIVES PTE LTD,company
FRESENIUS MEDICAL CARE ASIA PACIFIC LTD,company
FRESH IDEA GLOBAL LTD,company
FRESH ON LTD,company
FRESHTOHOME PTE LTD,company
FRUIT INNOVATIONS LTD,company
FSC TECH PTE LTD,company
FULL LIFE TECH HK LIMITED,company
FULLERTON HEALTHCARE GROUP PTE LTD,company
FULLFAITH INTERNATIONAL HOLDING LTD,company
FUND ROOTS SOFTWARE CREATIVE LTD,company
FUNDNICE PTE LTD,company
FUSE BIOSCIENCES HONG KONG LTD,company
FUTURE MOBILITY CORPORATION LTD,company
FUTURE OF PLAY GLOBAL LTD,company
Fg innovation co ltd,company
Float Foods Pte Ltd,company
G NIUS PTE LTD,company
GA HEALTH & BEAUTY CO LTD,company
GA HEALTH COMPANY LTD,company
GALILEO PLATFORMS LTD,company
GAMOLIN LTD,company
GAMOT GLOBAL PTE LTD,company
GARENA ONLINE PRIVATE LTD,company
GARINI TECH CORPORATION PTE LTD,company
GASHUBUNITED UTILITY PTE LTD,company
GATE INFORMATION PTE LTD,company
GEB IMPACT TECH COMPANY LIMITED,company
GENEDITBIO LTD,company
GENEJUNCTION PTE LTD,company
GENERAL SYSTEMS SG PTE LTD,company
GENESIS MEDTECH INTERNATIONAL PRIVATE LTD,company
GENESISPRO PTE LTD,company
GENIELAND COMPANY LTD,company
GENSE TECH LIMITED,company
GENUINE FIRST AID INT LTD,company
GERMANY HEALMUSZ INTERNATIONAL CO LTD,company
GERO PTE LTD,company
GET TO KNOW YOUR BRAIN PTE LTD,company
GIGALINK TECH HOLDING LIMITED,company
GLO BIG BOSS LTD,company
GLOBAL COSMETICS HONG KONG COMPANY LTD,company
GLOBAL DESIGN CORP LTD,company
GLOBAL ENGINEERS INVEST SINGAPORE PTE LTD,company
GLOBAL ENGINEERS TECH PTE LTD,company
GLOBAL GENE CORP PTE LTD,company
GLOBAL TAX REFUND HOLDINGS COMPANY LTD,company
GLOBALFOUNDRIES SG PTE LTD,company
GLOOBE PTE LTD,company
GMO GLOBALSIGN PTE LTD,company
GMP BIOTECHNOLOGY LTD,company
GO PLUS HOLDINGS PTE LTD,company
GODEVA PTE LTD,company
GOLDBOX TECH LTD,company
GOLDWAY TECH LIMITED,company
GOODIX TECH HK COMPANY LIMITED,company
GOODMAN FIELDER PTE LTD,company
GOOEE LTD,company
GOVITA TECH LTD,company
GP NETWORK ASIA PTE LTD,company
GPS LANDS SINGAPORE PTE LTD,company
GRABTAXI HOLDING PTE LTD,company
GRABTAXI HOLDINGS PTE LTD,company
GRACE AND KOWLOON HOLDINGS LTD,company
GRACE UNION TECH LIMITED,company
GRAND ADVANCE TECH PTE LTD,company
GRAND DECADE DEVELOPMENTS LTD,company
GREAT PACIFIC HOLDINGS LTD,company
GREEN GARDEN TOYS HONG KONG CO LTD,company
GREENPHYTO PTE LTD,company
GREENWAVE SYSTEMS PTE LTD,company
GREY ORANGE PTE LTD,company
GREYORANGE PTE LTD,company
GROKING LAB LTD,company
GROUP IB GLOBAL PRIVATE LTD,company
GRUPP AJ BI GLOBAL PRAJVET LTD,company
GSHIELD ASIA PTE LTD,company
GT APEIRON THERAPEUTICS LTD,company
GT ROBOT TECH PTE LTD,company
GURU NETWORK LTD,company
GivePlease Pte Ltd,company
Global Healthcare SG Pte Ltd,company
GreenArc Capital,company
H3 DYNAMICS PTE LTD,company
HAI KANG LIFE CORP LTD,company
HAI KANG LIFE CORPORATION LTD,company
HAISCO INNOVATIVE PHARMACEUTICAL PTE LTD,company
HAISCO PHARMACEUTICALS PTE LTD,company
HALESIGHT PTE LTD,company
HALF EPSILON PTE LTD,company
HAMPEN TECH CORPORATION LIMITED,company
HANERA PTE LTD,company
HANNAH LIFE TECH PTE LTD,company
HANSON ROBOTICS LTD,company
HARRIA INVEST GROUP INC,company
HAYCO MANFACTURING LTD,company
HAYCO MFG LIMITED,company
HAYCO MFG LTD,company
HCP HEALTHCARE ASIA PTE,company
HCP HEALTHCARE ASIA PTE LTD,company
HCT GROUP HOLDINGS LTD,company
HDR SG PTE LTD,company
HEALINT PTE LTD,company
HEALTH AND HAPPINESS H&H HONG KONG LTD,company
HEALTH HOPE PHARMA LTD,company
HEALTH PARTNERS PTE LTD,company
HEALTHLINK PROTOCOL PTE LTD,company
HEARSAFE LTD,company
HEARTISANS LTD,company
HEHEALTH PTE LTD,company
HELAXY INC,company
HEMIX BIOTECH LTD,company
HEMO BIOENGINEERING PTE LTD,company
HENDERSON REAL ESTATE AGENCY LTD,company
HENDRICKS CORP PTE LTD,company
HEPAGENE THERAPEUTICS HK LTD,company
HEPTAGON MICRO OPTICS PTE LTD,company
HERAEUS MATERIALS SINGAPORE PTE LTD,company
HERBA INVEST PTE LTD,company
HEROKA IND LTD,company
HESTIA TECH LIMITED,company
HI BEAU GROUP PTE LTD,company
HICC PTE LTD,company
HICURA MEDICAL PTE LTD,company
HIFIBIO HK LTD,company
HIGH DEVELOPMENT LTD,company
HIGHWAYS DEPT THE GOVERNMENT OF THE HONG KONG SPECIAL ADMINISTRATIVE REGION OF THE PEOPLES,public_rd
HIGHWAYS DEPT THE GOVERNMENT OF THE HONG KONG SPECIAL ADMINISTRATIVE REGION OF THE PEOPLES REPUBLIC,public_rd
HIGHWAYS DEPT THE GOVERNMENT OF THE HONG KONG SPECIAL ADMINISTRATVIE REGION OF THE PEOPLES REPUBLIC,public_rd
HIJO IP PTE LD,company
HIJO IP PTE LTD,company
HILL ROM SERVICE PTE LTD,company
HILL ROM SERVICES PTE LTD,company
HILL-ROM SERVICES PTE LTD,company
HILLMING COMPANY LTD,company
HISHAB SINGAPORE PRIVATE LTD,company
HISTOINDEX PTE LTD,company
HK APPLIED SCIENCE & TECH RES,public_rd
HK LIGHT FERRY BIOMED LTD,company
HK LIJUN TECH LIMITED,company
HKG EPITHERAPEUTICS LTD,company
HOFFMANN ASIA LTD,company
HOME CONTROL SINGAPORE PTE LTD,company
HOMETEK INT LTD,company
HONG CENTRE FOR CEREBRO CARDIOVASCULAR HEALTH ENGINEERING LTD,public_rd
HONG KONG ABBY TECH CO LTD,company
HONG KONG APPLIED SCIENCE & TECH RESEARCH INST CO LTD,public_rd
HONG KONG APPLIED SCIENCE AND TECH RES,public_rd
HONG KONG APPLIED SCIENCE AND TECH RES INST CO LTD,public_rd
HONG KONG APPLIED SCIENCE AND TECH RESEARCH,public_rd
HONG KONG APPLIED SCIENCE AND TECH RESEARCH INSTITUTE COMPANY,public_rd
HONG KONG APPLIED SCIENCE AND TECHNOLOY RES INSTITUTE COMPANY LIMITED,public_rd
HONG KONG APPLIES SCIENCE AND TECH RESEARCH INSTITUTE COMPANY LIMITED,public_rd
HONG KONG CENTER FOR NEURODEGENERATIVE DISEASES LTD,public_rd
HONG KONG CENTRE FOR CEREBRO CARDIOVASCULAR HEALTH ENGINEERING LTD,public_rd
HONG KONG CENTRE FOR LOGISTICS ROBOTICS LTD,public_rd
HONG KONG FORTUNE TECH LTD,company
HONG KONG GREEN DREAMER TECH LIMITED,company
HONG KONG HAICUN TECH CO LIMITED,company
HONG KONG INTELLECTUAL PROPERTY EXCHANGE LTD,company
HONG KONG IVPS INTERNATIONAL LTD,company
HONG KONG KING FRIEND INDUSTRIAL COMPANY LTD,company
HONG KONG LIVEME CORPORATION LTD,company
HONG KONG MORNING STAR INTERNATIONAL HOLDING LTD,company
HONG KONG OCCUPATIONAL THERAPY ASSOCIATION LTD,company
HONG KONG PASSKEY IND CO LTD,company
HONG KONG POLYTECHNIC UNIV,university
HONG KONG PRODUCTIVITY COUNCIL,public_rd
HONG KONG PRODUCTIVITY COUNCIL HKPC,public_rd
HONG KONG R&D CENTRE FOR LOGISTICS AND SUPPLY CHAIN MANAGEMENT ENABLING TECH LIMITED,public_rd
HONG KONG R&D CENTRE FOR LOGISTICS AND SUPPLY CHAIN MANAGEMENT ENABLING TECH LIMITED HONG,public_rd
HONG KONG RES INST TEXTILES & APPAREL LTD,public_rd
HONG KONG TELECOMMUNICATIONS HKT LTD,company
HONG KONG TELECOMMUNICATIONS HTK LTD,company
HONK KONG POLYTECHNIC UNIV,university
HOOW FOODS PTE LTD,company
HOPE TECHNIK PTE LTD,company
HOPEFUL RUBBER MFG CO LIMITED,company
HORIZON QUANTUM COMPUTING PTE LTD,company
HOUSING & DEV BOARD,public_rd
HOVIONE HOLDING LTD,company
HOVIONE INT LTD,company
HOYA MEDICAL SINAPORE PTE LTD,company
HUAWEI INT PTE LTD,company
HUAWEI INTERNAT PTE LTD,company
HUI DING INT PTE LTD,company
HUIDAGENE THERAPEUTICS PTE LTD,company
HUIDAGENE THERAPEUTICS SINGAPORE PTE LTD,company
HUIKE SINGAPORE HOLDING PTE LTD,company
HUMANBODY SPACE AI MEDTECH GROUP PTE LTD,company
HUMMINGBIRD BIOSCIENCE HOLDINGS LTD,company
HUMMINGBIRD BIOSCIENCE HOLDINGS PTE LTD,company
HUMMINGBIRD BIOSCIENCE PTE LTD,company
HUMMINGBIRD BIOSCIENCES HOLDINGS LTD,company
HUNG HON INDUSTRIAL COMPANY LTD,company
HUS UNMANNED SYSTEMS PTE LTD,company
HYGIEIA HEALTH CO LTD,company
HYPERGENOMICS PTE LTD,company
HYPHENS PHARMA PTE LTD,company
HYTTO PTE LTD,company
Health Hope Pharma HK Ltd,company
Horizon IP Pte Ltd,company
Hoya Medical Singapore Pte Ltd,company
I MAB BIOPHARMA HONG KONG LTD,company
I SUPPORT PTE LTD,company
ICALC HOLDINGS LTD,company
ICO PLATFORM PTE LTD,company
ID INFINITY LTD,company
IEMIS HK LTD,company
IFREE GROUP HK LTD,company
IGGENE LTD,company
IGIN SMART HYGIENE PTE LTD,company
IKO PTE LTD,company
ILLINOIS AT SINGAPORE PTE LTD,company
ILLUMINA SINGAPORE PTE LTD,company
ILUMINA SINGAPORE PTE LTD,company
IMMORTAL SPIRIT LTD,company
IMMUNOA PTE LTD,company
IMMUNOSCAPE PTE LTD,company
IMUNAMI LABORATORIES PTE LTD,company
INCANDO THERAPEUTICS PTE LTD,company
INCEPTIO HONGKONG LTD,company
INCOME INSURANCE LTD,company
INDHOUSE LTD,company
INFAGEN HONG KONG LTD,company
INFINITY CUBE LTD,company
INFINITY OPTICS SOLUTIONS PTE LTD,company
INFINIUM ROBOTICS PTE LTD,company
INFO COMMUNICATIONS MEDIA DEV AUTHORITY,public_rd
INFO WISE LTD,company
INFOTOO INTERNATIONAL LTD,company
INGENIO TECH CO LIMITED,company
INHIBIO BIOSCIENCE PTE LTD,company
INMAGENE PTE LTD,company
INMOBI PTE LTD,company
INNOCIMAB PTE LTD,company
INNOCORN TECH LIMITED,company
INNONEURO LTD,company
INNOSIMAB PTE LTD,company
INNOSPARKS PTE LTD,company
INNOSPIRE TECH LIMITED,company
INNOTECH APPLIANCE LTD,company
INNOTIER LTD,company
INNOVATION STREET PTE LTD,company
INNOVATIVE PREC INSTR LTD,company
INNOVATIVE PREC INSTRUMENTS LIMITED,company
INNOVENT BIOLOGICS SINGAPORE CO LTD,company
INNOVENT BIOLOGICS SINGAPORE PTE LTD,company
INNOVFUSION PTE LTD,company
INNOWORKS PRODUCT CREATION LTD,company
INSILICO MEDICINE HONG KONG LTD,company
INSILICO MEDICINE IP LTD,company
INSPIRAR LTD,company
INSPIRATE MEDICAL PTE LTD,company
INST OF BIOENGINEERING AND NANOTECHNOLOGY,public_rd
INST OF BIOENGINEERING AND NANOTECHNOLOGY BIOMEDICAL SCIENCES INST,public_rd
INST OF MOLECULAR AND CELL BIOLOGY BIOMEDICAL SCIENCES INSTS,public_rd
INST OF TECHNICAL EDUCATION,public_rd
INSTITUTE OF MOLECULAR AND CELL BIOLOGY BIOMEDICAL SCIENCES INSTITUTES,public_rd
INT BIOTECH INSTITUTE INC,company
INT TECH HK CO LTD,company
INTEGRAL CARE TECH LTD,company
INTEGRAL TECH S PTE LTD,company
INTELLECTUAL PROPERTY WHOLLY OWNED CO LTD,company
INTELLIGENCE & PARTNER LTD,company
INTELLIGENT HEALTHCARE TECH LIMITED,company
INTERACTIVE HOLDINGS LTD,company
INTERNATIONAL ASSOCIATION FOR MEDICAL AND DENTAL RES LIMITED,company
INTERNET INVESTMENTS GROUP LTD,company
INTERSELECT TRADING LTD,company
INTERVAAL PTE LTD,company
INTRA IMMUSG PRIVATE LTD,company
INTRA IMMUSG PRIVATE LTD SG,company
INVISIRON PTE LTD,company
INVIVO MEDICAL PTE LTD,company
INZSURE PTE LTD,company
IOLERA HOLDINGS PTE LTD,company
IOTA MEDTECH PTE LTD,company
IP FULL ASSET LTD,company
IPC WORKS LTD,company
IPLENA PTE LTD,company
IPROPHET TECHNOLOGY LTD,company
IQ WORKS LTD,company
IRNOVATE PTE LTD,company
IRON HORSE AI PRIVATE LTD,company
IRON HORSE AL PRIVATE LTD,company
ISKY RES PTE LTD,company
ISUNCLOUD LTD,company
ITABMED HK LTD,company
ITSEC ANALYTICS PTE LTD,company
IX ASIA LTD,company
IX BIOPHARMA LTD,company
Innotech Resources Pte Ltd,company
JACOBSON RES LABORATORY LIMITED,company
JACOBSON RES LABORTORY LIMITED,company
JACOBSON T&D LTD,company
JAGUAHR THERAPEUTICS PTE LTD,company
JATT PTE LTD,company
JAVIS Holdings Pte Ltd,company
JBM RES LABORATORY LIMITED,company
JCS BIOTECH PTE LTD,company
JCS Biotech Ptd Ltd,company
JELLICE PIONEER PRIVATE LTD TAIWAN BRANCH SINGAPORE,company
JERRY TAN EYE SURGERY PTE LTD,company
JEWEL PAYMENTECH PTE LTD,company
JI XING PHARMACEUTICALS HONG KONG LTD,company
JING KING TECH HOLDINGS PTE LTD,company
JINGANG MEDICINE AUSTRALIA PTY LTD,company
JJSK R & D PTE LTD,company
JJSK R AND D PTE LTD,company
JJSK R&D Pte Ltd,company
JLWH PTE LTD,company
JMEDTECH COATING TECH PTE LTD,company
JMEDTECH PTE LTD,company
JN MEDSYS PTE LTD,company
JOHN TECH HOLDINGS LIMITED,company
JOHNSON & JOHNSON PTE LTD,company
JOINT CONCEPT (HONG KONG) LTD,company
JOINT CONCEPT HONG KONG LTD,company
JOYINME PTE LTD,company
JOYME PTE LTD,company
JTC CORP,company
JUNION LABS PTE LTD,company
JUPENG BIO HK LTD,company
JUPITER PALACE PTE LTD,company
JURONG TOWN CORP,company
JYSK SKIN SOLUTIONS PTE LTD,company
KAEO TECH PTE LTD,company
KAHA PTE LTD,company
KAISHI PTE LTD,company
KALTIMEX MOBIOL SINGAPORE PTE LTD,company
KAMI INTELLIGENCE LTD,company
KANGTI PTE LTD,company
KANZBITAQA PTE LTD,company
KBP BIOSCIENCES PTE LTD,company
KEI INTERNATIONAL LTD,company
KEI INTERNATIONAL LTD A CHINESE COMPANY,company
KEYSIGHT TECH SINGAPORE SALES PTE LTD,company
KIKA TECH (HK) HOLDINGS CO LIMITED,company
KIKA TECH HK HOLDINGS CO LIMITED,company
KIKAGO LTD,company
KIKKOMAN SINGAPORE R&D LABORATORY PTE LTD,company
KIN TECH LIMITED,company
KINGWELCH LTD,company
KISODO PTE LTD,company
KISSCO MARKETING SERVICES LTD,company
KKT TECH PTE LTD,company
KLASS ENG & SOLUTIONS PTE LTD,company
KNOREX PTE LTD,company
KO SHWE VENTURES,company
KOFFEEFRUIT PTE LTD,company
KOKIDO DEV LTD,company
KOLN 3D TECH MEDICAL LIMITED,company
KOLN HONG KONG LTD,company
KRONIKARE PTE LTD,company
KRU ENERGY ASIA PTE LTD,company
KURVE AUTOMATION PTE LTD,company
KWB GLOBAL LTD,company
LABORATORY FOR SYNTHETIC CHEMISTRY AND CHEMICAL BIOLOGY LTD,company
LABORATORY OF DATA DISCOVERY FOR HEALTH LTD,company
LAEKNA LTD,company
LAGUNAMOON BEAUTY LTD,company
LAMBDAGEN PTE LTD,company
LEAD BILLION LTD,company
LEAN STATION PTE LTD,company
LEAPXPERT LTD,company
LEEWARD PACIFIC PTE LTD,company
LEICA INSTR (SINGAPORE) PTE LTD,company
LEICA INSTR SINGAPORE 84 PTE LTD,company
LEICA INSTR SINGAPORE PTE LTD,company
LEMON INC,company
LENDDO PTE LTD,company
LENOVO ( SINGAPORE) PTE LTD,company
LENOVO ENTPR SOLUTIONS SINGAPORE PTE LTD,company
LENOVO SINGAPORE LTD,company
LENOVO SINGAPORE PET LTD,company
LENOVO SINGAPORE PTE LTD,company
LENOVO SINGAPORE PTE LTD NEW TECH PARK,company
LERNA BIOPHARMA PTE LTD,company
LIANKANG TECH LIMITED,company
LIBIAO ROBOTICS HOLDINGS PTE LTD,company
LIECHO ADVANCED MAT PTE LTD,company
LIFE & LIVING INTERNATIONAL LTD,company
LIFE TECH HOLDING PTE LTD,company
LIFE TECH HOLDINGS PTE LIMITED,company
LIFE TECH HOLDINGS PTE LTD,company
LIFENG TECH LIMITED,company
LIFENG TECH LTD,company
LIFESPANS LTD,company
LIFESTYLES HEALTHCARE PTE LTD,company
LIFETRACK MEDICAL SYSTEMS PRIVATE LTD,company
LIFETRONS SWITZERLAND GROUP LTD,company
LIFETRONS SWITZERLAND HOLDINGS LTD,company
LIFY COMPANY LTD,company
LIGATURE THERAPEUTICS PTE LTD,company
LIGERA RES PTE LTD,company
LIGHTELLIGENCE PTE LTD,company
LIHEALTH LTD,company
LINE BIZPLUS PTE LTD,company
LINXENS SINGAPORE PTE LTD,company
LION TCR PTE LTD,company
LIONSBOT INT PTE LTD,company
LIQUID GROUP PTE LTD,company
LITE ON SINGAPORE PTE LTD,company
LITTLE BIT PTE LTD,company
LITTLE NOBLEMAN TECH LIMITED,company
LITTLE NOBLEMAN TECH LTD,company
LIVIUS PTE LTD,company
LOGISTICS AND SUPPLY CHAIN MULTI TECH R&D CENTRE LTD,company
LOGISTICS AND SUPPLY CHAIN MULTITECH R&D CENTRE LTD,company
LOMACK IND CO LTD,company
LOMOTIF PRIVATE LTD,company
LONBLE ACUTREK LTD,company
LONDOBELL LABS PTE LTD,company
LONG SHENG FARMA LTD,company
LONGQ LTD,company
LONGRUNN MEDICAL FOOD PTE LTD,company
LONGTERM CONCEPT INT PTE LTD,company
LONGVIEW FINANCIAL LTD,company
LOTUS INT PTE LTD,company
LOYALTY ADVANTAGE PTE LTD,company
LUCAS GC LTD,company
LUCENCE DIAGNOSTICS PTE LTD,company
LUCENCE LIFE SCIENCES PTE LTD,company
LUMILEDS SINGAPORE PTE LTD,company
LUMINICELL PTE LTD,company
LYNX ANALYTICS PTE LTD,company
LYNXEMI PRIVATE LTD,company
LYNXEMI PTE LTD,company
LYTE VENTURES PTE LTD,company
LYVES HATCHER PTE LTD,company
Lomak Industrial Company Ltd,company
Lucenxia Ltd,company
M AND M TECH LIMITED,company
M AND M TECH LTD,company
M LEAGUE LTD,company
M LEAGUE PTE LTD,company
M-DAQ PTE LTD,company
MACHNET SG PTE LTD,company
MACROGEN ASIA PACIFIC PTE LTD,company
MAD TECH FOUNDATION LTD,company
MAGNEXT LIFE SCIENCE PTE LTD,company
MAICAPITAL LTD,company
MAIN CONTINENTAL TECH LIMITED,company
MAKE GREAT SALES LTD,company
MAMAME WHOLE FOODS PTE LTD,company
MANJALINK PTE LTD,company
MANLI INT LTD,company
MANN HUMMEL LIFE SCIENCE & ENV HOLDING SINGAPORE PTE LTD,company
MANN HUMMEL LIFE SCIENCES & ENV HOLDING SINGAPORE PTE LTD,company
MAP PLASTICS PTE LTD,company
MARCH PROJECTION LTD,company
MARITIME AND PORT AUTHORITY OF SINGAPORE,public_rd
MARVEL DIGITAL LTD,company
MARVEL RES LIMITED,company
MARVELL ASIA PTE LTD,company
MARVELL ASIA PTE LTD REGISTRATION NO 199702379M,company
MASSACHUSETTS INST TECHNOLOGY,public_rd
MAST IND (FAR EAST) LTD,company
MAST INDUSTRIES FAR EAST LTD,company
MASTERCARD AISA/PACIFIC PTE LTD,company
MASTERCARD ASIA,company
MASTERCARD ASIA PACIFIC PTE LTD,company
MASTERCARD INTERNATIONAL INC,company
MASTERCARD LABS KENYA HOLDINGS PTE LTD,company
MATCHINGPRO LTD,company
MATERCARD ASIA/PACIFIC PTE LTD,company
MATRIX TECH PTE LTD,company
MAXINASE LIFE SCIENCES LTD,company
MB TECH PARTNERS LTD,company
MBP INSIGHTS INC,company
MCLINICA PTE LTD,company
MDESIGN SOLUTIONS PTE LTD,company
MEDAIR LTD,company
MEDEZE TREASURY PTD LTD,company
MEDEZE TREASURY PTE LTD,company
MEDIATEK SINGAPORE PTE LTD,company
MEDIBOSTON LTD,company
MEDICONCEN LTD,company
MEDIOS TECH PTE LTD,company
MEDIPURPOSE PTE LTD,company
MEDISEN LTD,company
MEDISIX THERAPEUTICS INC,company
MEDIUM ACCESS SYSTEMS PRIVATE LTD,company
MEDKLINN TECH PTE LTD,company
MEDLINX ACACIA PTE LTD,company
MEDLYVES PTE LTD,company
MEDO DX PTE LTD,company
MEDPOT LTD,company
MEDTECH COATING TECH PTE LTD,company
MEDTIMES MOLECULAR LABORATORY LTD,company
MEDULLA PRO TECH PTE LTD,company
MEGA WINNING LTD,company
MEGASOFT LTD,company
MEIBAN GROUP PTE LTD,company
MEIBAN INT PTE LTD,company
MEMSIFT INNOVATIONS PTE LTD,company
MENARINI BIOMARKERS SINGAPORE PTE LTD,company
MENICON SINGAPORE PTE LTD,company
MENRIYAN WIRELESS HIGH POWER TECH (HK) LIMITED,company
MENTORICA TECH PTE LTD,company
MENTORICA TECHNOLOGY PTE LTD,company
MERCURY INNOVATIONS LTD,company
MERIDIAN INNOVATION LTD HONG KONG,company
MERLIN MD PTE LTD,company
MERLION PHARMACEUTICALS PTE LTD,company
MESH BIO PTE LTD,company
METABRAIN TECH PTE LTD,company
METAGENOM BIO HOLDINGS PTE LTD,company
METAMATIKS PTE LTD,company
METAVERSE GREEN EXCHANGE PTE LTD,company
MHC MEDICAL NETWORK PTE LTD,company
MICRO RESOURCES LTD,company
MICROBIOTA I CENTER MAGIC LTD,company
MICROMERTICS TECH PTE LTD,company
MICROMETRICS TECH PTE LTD,company
MICROPOINT TECH PTE LTD,company
MICROSFERE PTE LTD,company
MICROTUBE TECH PTE LTD,company
MIGHTY JAXX INT PTE LTD,company
MILLENNIUM ENTPR PTE LTD,company
MINDBCI PTE LTD,company
MINDFIO LTD,company
MINDS AI TECH LTD,company
MINDS AL TECH LTD,company
MING FAI INNOVATIVE SKIN CARE LAB LTD,company
MIOS PHARMACEUTICALS LTD,company
MIRACLE MAN PTE LTD,company
MIRXES LAB PTE LTD,company
MITROL BIOLOGIC PTE LTD,company
MITROL TECH PTE LTD,company
MITSUI CHEMICALS INC,company
MOBIAIR PTE LTD,company
MOBILE HEALTH PTE LTD,company
MOEXA PHARMACEUTICALS LTD,company
MOFFETT INTERNATIONAL CO LIMITED,company
MOFFETT INTERNATIONAL CO LTD,company
MOFFETT TECH CO LIMITED,company
MOFFETT TECHNOLOGIES CO LIMITED,company
MOJIA BIOTECH PTE LTD,company
MOLEAC PTE LTD,company
MONONUCLEAR THERAPEUTICS LTD,company
MOOVITA PTE LTD,company
MOTIGENIX SINGAPORE PTE LTD,company
MOZARK PTE LTD,company
MPICS INNOVATIONS PTE LTD,company
MPLUS MEDICAL DEVICE CORP PTE LTD,company
MSC CONSULTING (S) PTE LTD,company
MSC CONSULTING S PTE LTD,company
MSD INT GMBH,company
MSD INT GMBH SINGAPORE BRANCH,company
MSHEAF HEALTH MANAGEMENT TECH LIMITED,company
MSM HOLDINGS PTE,company
MSM Holdings Pte Ltd,company
MU GLOBAL HOLDING LTD,company
MULTI SCALE MEDICAL ROBOTICS CENTER LTD,company
MV SQUARE LTD,company
MVGX TECH PTE LTD,company
MY SCENT PTE LTD,company
MYCOTECH PTE LTD,company
MYOVOLT LTD,company
MYRO INT PTE LTD,company
MYRO INTERNATIONAL PTE LTD,company
Matralix Pte Ltd,company
MediSix Therapeutics Pte Ltd,company
Meridian Innovation Pte Ltd,company
MyDoc Pte Ltd,company
N K S F STAR LTD,company
N K S F STAR LTD NKSF,company
N&E INNOVATIONS PTE LTD,company
NAL PHARMACEUTICAL GROUP LTD,company
NAL PHARMACEUTICALS GROUP LTD,company
NAL PHARMACEUTICALS LTD,company
NALANTIS HOLDING LTD,company
NAMIKI PREC SINGAPORE PTE LTD,company
NAMZ PTE LTD,company
NANO & ADVANCED MATERIALS INST LTD,public_rd
NANO SCIENCES LTD,company
NANOCLEAN S PTE LTD,company
NANOMAB TECH LIMITED,company
NANSHA BIOLOGICS HONG KONG LTD,company
NANSHA BIOLOGIES HONG KONG LTD,company
NANTIN ENTERPRISE LTD,company
NANY ANG TECHNOLOGICAL UNIV,university
NANYANG BIOLOGICS PTE LTD,company
NANYANG HERBS PTE LTD,company
NANYANG POLYTECHNIC,university
NANYANG TECH UNVERSITY,university
NANYANG TECHNOLOGICAL UNIVERSITY SINGAPORE,university
NANYANG TECHNOLOGIES UNIV,university
NANYANG TECHNOLOGY UNIV,university
NANYANG TECHNOLOGYICAL UNIV,university
NANYANG TEHNOLOGICAL UNIV,university
NASOTRAK MEDICAL PTE LTD,company
NAT CANCER CT OF SINGAPORE PTE LTD,company
NAT HEALTHCARE GROUP,company
NAT HEART CENTRE SINGAPORE PTE LTD,company
NAT SKIN CENTER (S) PTE LTD,company
NAT SKIN CENTER S PTE LTD,company
NAT SKIN CENTRE S PTE LTD,company
NAT SKIN CENTRE SINGAPORE PTE LTD,company
NAT SKIN CT S PTE LTD,company
NAT UNIV HOSPITAL,university
NAT UNIV HOSPITAL (SINGAPORE) PTE LTD,public_rd
NAT UNIV HOSPITAL SINGAPORE PTE LTD,public_rd
NAT UNIV OF SINGPORE,university
NAT UNIV SINGAPORE,university
NAT UNIVERSITY HOSPITAL,university
NAT UNIVERSITY HOSPITAL S PTE LTD,university
NAT UNIVERSITY HOSPITAL SINGAPORE PTE LTD,university
NATION UNIV HOSPITAL SINGAPORE PTE LTD,university
NATIONAL UNIV HEALTH SYSTEM PTE LTD,university
NATIONAL UNIV HOSPITAL,university
NATIONAL UNIV HOSPITAL (SINGAPORE) PTE LTD,university
NATIONAL UNIV HOSPITAL S PTE,university
NATIONAL UNIV HOSPITAL SINGAPORE PTL LTD,university
NATIONAL UNIV OF SINGAPO,university
NATIONAL UNIV OF SINGAPORE NUS,university
NATIONAL UNIV OF SINGAPORE [SG/SG],university
NATUR TECH PHARMACAL CO LTD,company
NATURAL TRACE PTE LTD,company
NATURION PTE LTD,company
NAVAD LIFE SCIENCES PTE LTD,company
NCODE CONSULTANT PTE LTD,company
NCS PTE LTD,company
NDR MEDICAL TECH PRIVATE LIMITED,company
NDR MEDICAL TECH PTE LTD,company
NDR MEDICAL TECHNOLOGY PTE LTD,company
NEAR PTE LTD,company
NEC APAC PTE LTD,company
NEC ASIA PACIFIC PTE LTD,company
NEC CORP,company
NEC HONG KONG LTD,company
NEMO POWER TOOLS LTD,company
NEO DERM GROUP LTD,company
NEO MECH LIMITED,company
NEOMA LTD,company
NEONEXUS PTE LTD,company
NEPHEW ASIA PACIFIC PTE LTD,company
NEPHTECH PTE LTD,company
NERDIO LTD,company
NERVOTEC PTE LTD,company
NEUFAST LTD,company
NEUOME PEPTIDES PTE LTD,company
NEURO CODE HOLDINGS PTE LTD,company
NEUROGLEE SCIENCE PTE LTD,company
NEUROGLEE THERAPEUTICS PTE LTD,company
NEUROGRESS LTD,company
NEW LIFE MEDICINE TECH COMPANY LIMITED,company
NEW PORTAL LTD,company
NEXTAN PTE LTD,company
NEXTKIDNEY SG PTE LTD,company
NEXTSMARTY HOLDINGS PTE LTD,company
NEXWRITER LTD,company
NGEE ANN POLYTECHNIC,university
NICAE SINGAPORE PTE LTD,company
NICE SURGICAL SOLUTIONS PTE LTD,company
NICK WANG TECH LTD,company
NICK WANG TECHNOLOGY LTD,company
NIKEGEN LTD,company
NIO NEXTEV LTD,company
NISSHINBO SINGAPORE PTE LTD,company
NITTO DENKO ASIA TECHNICAL CENTRE PTE LTD,company
NITTO DENKO CORP,company
NKSF STAR LTD,company
NOBELBIOTIX RES INSTITUTE LIMITED,company
NOMADD DESERT SOLAR SOLUTIONS PTE,company
NOMADD DESERT SOLAR SOLUTIONS PTE LTD,company
NOOGGI PTE LTD,company
NORTH & SOUTH BROTHER PHARMACY INVESTMENT CO LTD,company
NOVETEX TEXTILES LTD,company
NOVEX SCIENCE PTE LTD,company
NOVOHEART INTERNATIONAL LTD,company
NOVOHEART LTD,company
NSP TECH PTE LTD,company
NU LIFE CONSULTING PTE LTD,company
NUCLEUS DYNAMICS PTE LTD,company
NUEVOCOR PTE LTD,company
NUGRAN BIOTECH PTE LTD,company
NUMONI PTE LTD,company
NUSMETICS PTE LTD,company
NUTRITION SCIENCE DESIGN PTE LTD,company
NUTRITION SCIENCE PARTNERS LTD,company
NUWA ROBOTICS HK LTD,company
Nalagenetics Pte Ltd,company
Navad Life Sciences Pte,company
Neerkoli Pte Ltd,company
Next Opus Ventures LLP,company
O NET WAVETOUCH LTD,company
OCCUTRACK MEDICAL SOLUTIONS PTE LTD,company
OCUVIX PTE LTD,company
OD THERAPEUTICS LTD,company
ONANOFF LIMITE COMPANY LTD,company
ONANOFF LTD COMPANY,company
ONANOFF LTD COMPANY LTD,company
ONE BIOMED PTE LTD,company
ONECONNECT FINANCIAL TECH SINGAPORE CO PTE LTD,company
ONEDASH LTD,company
ONEEMPOWER PTE LTD,company
ONEGLOBE HOLDINGS LTD,company
ONEPERSONALIZATION LTD,company
ONEQR LTD,company
ONLINE MERCHANT DISTRIB AND DELIVERY OMDDY,company
ONLINE MERCHANT DISTRIB AND DELIVERY “OMDDY”,company
OOCL INFOTECH HOLDINGS LTD,company
OPEN4SALE INT PTE LTD,company
OPENST LTD,company
OPSIS PTE LTD,company
OPTIMAX MAN SERVICES PTE LTD,company
OPTIONNALYTICS PTE LTD,company
OPULENT ELECTRONICS INT PTE LTD,company
ORAICHAIN PTE LTD,company
ORBUSNEICH MEDICAL PTE LTD,company
ORCHESTRALL HEALTHCARE LTD,company
ORCHID MEDICAL PTE LTD,company
OREMI AI PRIVATE LTD,company
ORGANIZATIONAL STRATEGIES INT PTE LTD,company
ORICA INT PTE LTD,company
ORIENT G PTE LTD,company
ORTHOVISION PTE LTD,company
OSIM INT LTD,company
OSIM INT PTE LTD,company
OSLABB PTE LTD,company
OSLABS PTE LTD,company
OSPICON COMPANY LTD,company
OSTEOPORE INT PTE LTD,company
OTSAW DIGITAL PTE LTD,company
OUTSTANDING HEALTHCARE COMPANY LTD,company
OVE ARUP & PARTNERS HONG KONG LTD,company
OXION PTE LTD,company
OXTI PTE LTD,company
PACBRIDGE PARTNERS II INVEST CO LTD,company
PACIFIC ARROW LTD,company
PALEXY PTE LTD,company
PANEXO BIOTECH SG PTE LTD,company
PANGU BIOPHARMA LTD,company
PANOPTICAI LTD,company
PANTHERA LABS PTE LTD,company
PAPERFLY LTD,company
PARALLELCHAIN LAB PRIVATE LTD,company
PARAMEVIA PTE LTD,company
PARTIOR PTE LTD,company
PATHNOVA LABORATORIES PTE LTD,company
PATHWAY PHARMACEUTICALS LTD,company
PAYWATCH GLOBAL PTE LTD,company
PCCW VUCLIP (SINGAPORE) PTE LTD,company
PCCW VUCLIP SINGAPORE PTE LTD,company
PEACH INTELLIHEALTH PTE LTD,company
PEDRA TECH PTE LTD,company
PENCIL TECH PTE LTD,company
PENG CHENG ADVERSORY & CONSULTANCY SINGAPORE PTE LTD,company
PENGELLY CO LTD,company
PENSEES PTE LTD,company
PENTIDE THERAPEUTICS LTD,company
PERDAYS HEALTH FUNCTION FOOD CO LIMITED,company
PERECT VISION TECH HK LTD,company
PEREGRINE OPHTHALMIC PTE LTD,company
PERFECT NATURE PTE LTD,company
PERFECT VISION TECH (HK) LTD,company
PERFECT VISION TECH HK LTD,company
PERFORMANCE LABS PTE LTD,company
PETROLEUM 2 0 LTD,company
PHARMACOGENETICS LTD,company
PHARMALINK INTERNATIONAL LTD,company
PHARWAR BIOTECHNOLOGY INC PTE LTD,company
PHARWARD BIOTECHNOLOGY INC PTE LTD,company
PHASE SCIENT INTERNATIONAL LTD,company
PHASE SCIENTIFIC INTERNATIONAL LTD,company
PHOENIX MOLECULAR PTE LTD,company
PHOMEDICS LTD,company
PHOSKA BIOPHARMA PTE LTD,company
PHYX44 PTE LTD,company
PI XCELS PTE LTD,company
PINE MEDICAL LTD,company
PINGSENSE TECH LIMITED,company
PIVIPI LABS PTE LTD,company
PLANEAT FOODS PTE LTD,company
PLANO PTE LTD,company
PLANTARX LTD,company
PLATYSENS LTD,company
PLENAMED PTE LTD,company
PLESON HK TECH LIMITED,company
PLUSAI LTD,company
POINT ROBOTICS SINGAPORE PTE LTD,company
POINTED BIOTECH PTE LTD,company
POLAR SEAL LTD,company
POLY TECH SERVICES LTD,company
POLYWIN PTE LTD,company
PONG YUEN HOLDINGS LTD,company
POWA TECHNOLOGIES HONG KONG LTD,company
POWDER PHARMACEUTICALS INC,company
POWDER PHARMACEUTICALS INCORPORATED,company
POWER OF PLATELETS PTE LTD,company
PREC MEDICAL PTE LTD,company
PREC ROBOTICS HONG KONG LIMITED,company
PRESTIGE BIOPHARMA LTD,company
PRESTIGE BIOPHARMA PTE LTD,company
PRIME DRAGON LTD,company
PRIMEDENT PTE LTD,company
PRIMEDTECH LTD,company
PRIVE SERVICES LTD,company
PRIVITI PTE LTD,company
PROCTER & GAMBLE,company
PROFILEPRINT PTE LTD,company
PROHIBITION X PTE LTD,company
PROVENTURE (FAR EAST) LTD,company
PROVIDEND LTD,company
PROVIVA THERAPEUTICS HONG KONG LTD,company
PROXIMA BETA PTE LTD,company
PSA INT PTE LTD,company
PSC COSMETICS LTD,company
PSLOVE PTE LTD,company
PT APLIKASI KARYA ANAK BANGSA,company
PT GOTO GOJEK TOKOPEDIA TBK,company
PTS TECH PTE LIMITED,company
PTS TECH PTE LTD,company
PULMONGENE HONG KONG CO LTD,company
PUMPABLES PTE LTD,company
PURECELL BIOMEDICAL TECH COMPANY LIMITED,company
PURECODON HONG KONG BIOPHARMA LTD,company
PURECODON HONGKONG BIOPHARMA LTD,company
PUZHEN LIFE CO INC,company
PUZHEN LIFE CO LIMITED,company
PUZHEN LIFE CO LTD,company
PVP LABS PTE LTD,company
PWK HOLDINGS PTE LTD,company
PYROBETT PTE LTD,company
Poly Gain Pte Ltd,company
PreciX Pte Ltd,company
Q & M DENTAL GROUP SINGAPORE LTD,company
QALQON LTD,company
QUANTELA PTE LTD,company
QUANTIFIED ENERGY LABS PTE LTD,company
QUANTUM CYBERTECH LTD,company
QUANTUMCIEL PTE LTD,company
QUANTUMTX PTE LTD,company
QUATTRO VASCULAR PTE LTD,company
QUESTOR CAPITAL HOLDINGS LTD,company
QUINTECH LIFESCIENCES PTE LTD,company
QoreNext Pte Ltd,company
R K TECHNOLOGY & INVEST PTE LTD,company
RACEFIT INT COMPANY LTD,company
RACEFIT INTERNATIONAL COMPANY LTD,company
RACER TECH PTE LTD,company
RACER TECHNOLOGY PTE LTD,company
RADWISP PTE LTD,company
RAKUTEN ASIA PTE LTD,company
RAKUTEN SYMPHONY SINGAPORE PTE LTD,company
RAM LIFTING TECH PTE LTD,company
RAM SMAG LIFTING TECH PTE LTD,company
RAM THZ SOLUTIONS PTE LTD,company
RAPSODO PTE LTD,company
RAZ R ASIA PACIFIC PTE LTD,company
RAZER (ASIA-PACIFIC) PTE LTD,company
RAZER ASIA PACIFIC PTE LTD,company
REA GENETICS PTE LTD,company
REAL ESTATE ANALYTICS PTE LTD,company
REALITY BIOTECH COMPANY LTD,company
REALTEK SINGAPORE PRIVATE LTD,company
REALTEK SINGAPORE PTE LTD,company
REBERNI LTD,company
REBIO TECH LIMITED,company
RECYCLEGREEN PROJECT LTD,company
RED DOT PAYMENT PTE LTD,company
RED HORSE HOLDINGS PTE LTD,company
REDLOTUS HONG KONG LTD,company
REESTAR INTERNATIONAL LTD,company
REFLECTION BIOTECHNOLOGIES LTD,company
REGINA MIRACLE INT (GROUP) LTD,company
REGINA MIRACLE INTERNAT GROUP LTD,company
REGINA MIRACLE INTERNATIONAL GROUP LTD,company
REHAB ROBOTICS COMPANY LTD,company
RELIEVE THERAPEUTICS PTE LTD,company
REMO HOLDINGS LTD,company
RENEW GROUP PRIVATE LTD,company
RENEW GROUP PTE LTD,company
REVERSEADS PTE LTD,company
REXADVANCE TECH PTE LTD,company
RFID INNOVATION RES LIMITED,company
RG HEALTHCARE PTE LTD,company
RG INNOVATIONS PTE LTD,company
RG SMART PTE LTD,company
RGE SMART PTE LTD,company
RHEA GENETICS PTE LTD,company
RHT LTD,company
RIDY PTE LTD,company
RIGEL TECH S PTE LTD,company
RIGHT HAND CYBER SECURITY PTE LTD,company
RIGHT POSTURE PTE LTD,company
RING X CORPORATION LTD,company
RINUAGENE INTERNATIONAL HK LTD,company
RIVIA RES PTE LTD,company
RIWAY SINGAPORE PTE LTD,company
RKS GLOBAL PTE LTD,company
RMW CHO GROUP LTD,company
ROBOGENIX MEDICAL SINGAPORE PTE LTD,company
ROBOTICS CLUB LTD,company
ROCESO TECH PRIVATE LIMITED,company
ROCK & HERB PTE LTD,company
ROCKWELL AUTOMATION ASIA PACIFIC BUSINESS CENTER PTE LTD,company
ROEKETBC LTD,company
ROKKO SYSTEMS PTE LTD,company
ROKT PTE LTD,company
ROLLING PASTURES PTE LTD,company
RONA BIOSCIENCE LIMITED,company
RONA BIOSCIENCE LTD,company
RONDISH COMPANY LTD,company
ROOT KING PTE LTD,company
ROSS DIGITAL PTD LTD,company
ROSS DIGITAL PTE LTD,company
ROTAM AGROCHEM INT CO LTD,company
ROTAM AGROCHEM INTERNAT CO,company
ROTAM AGROCHEM INTERNATIONAL CO LTD,company
RSP INFORMATION SERVICE COMPANY LTD,company
RUBLIX DEV PTE LTD,company
RYNAN TECH PTE LTD,company
Radic8 PTE LTD,company
ResMed Asia Pte Ltd,company
Richards Health Group Pte Ltd,company
S ANCIAL PTE LTD,company
SABIC SK NEXLENE COMPANY PTE LTD,company
SAFEJECT INT PTE LTD,company
SAFEWALLET PTE LTD,company
SAGADIGITS LTD,company
SALTMINE PTE LTD,company
SANMA ELETRON HONG KONG APPLIANCE COMPANY LTD,company
SANWA BIOTECH LTD,company
SAVELIFE BIOTECHNOLOGY CO LTD,company
SBC VIRBAC LTD,company
SCG CELL THERAPY PTE LTD,company
SCHNEIDER ELECTRIC ASIA PTE LTD,company
SCHOOL OF GROWTH LTD,company
SCI WAVE PTE LTD,company
SCICLONE PHARMACEUTICALS INT SG PTE LTD,company
SCINOPHARM SINGAPORE PTE LTD,company
SCION LTD MEDICAL,company
SCION MEDICAL LTD,company
SCIPIO LIFE SCIENCES LTD,company
SEALAND HOLDINGS CO LTD,company
SECQURE SURGICAL PTE LTD,company
SEE MODE TECH PTE LTD,company
SELF IE ENTERPRISE PRIVATE LTD,company
SEMBCORP IND LTD,company
SEMBCORP WATERTECH PTE LTD,company
SEMICONDUCTOR TECH & INSTRUMENTS PTE LTD,company
SEMICONDUCTOR TECH & INSTRUMENTS PTE LTD SG,company
SEMICONDUCTOR TECH AND INSTRUMENTS PTE LTD,company
SEMICONDUCTOR TECHNOLOGIES AND INSTR PTE LTD,company
SENESCENCE LIFE SCIENCES PTE LTD,company
SENGENICS CORP PTE LTD,company
SENSERBOT PTE LTD,company
SENSETIME INT PET LTD,company
SENSETIME INT PTE LTD,company
SENSETIMENTERNATIONAL PTE LTD,company
SENTRIX TECH LTD,company
SERV MEDICAL PTE LTD,company
SERVICES PTE LTD,company
SES HOLDINGS PTE LTD,company
SEVENTH SENSE ARTIFICIAL INTELLIGENCE PRIVATE LIMTED,company
SEVENTH SENSE ARTIFICIAL INTELLIGENCE PRIVATE LTD,company
SEVENTH SENSE ARTIFICIAL INTELLIGENCE PVT LTD,company
SG MEDITECH PTE LTD,company
SG MidiTech Pte Ltd,company
SGPTH Life Science AB,company
SHANTON PHARMA PTE LTD,company
SHILEITECH LTD,company
SHIOK MEATS PTE LTD,company
SHIRAISHI CALCIUM SINGAPORE PTE LTD,company
SHOALTER AUTOMATION LTD,company
SHOPEE IP SINGAPORE PRIVATE LTD,company
SICH CASKET COMPANY LTD,company
SIEMENS MEDICAL INSTR PTE LTD,company
SIIX AGT MEDTECH PTE LTD,company
SILENTMODE LTD,company
SILEZIA GROUP PTE LTD,company
SILICAMED LTD,company
SILICON & SYSTEM CO LTD,company
SILOT PTE LTD,company
SILVER FACTORY TECH PTE LTD,company
SILVERLEAP TECH LIMITED,company
SIMPHARMA PTE LTD,company
SIMSEC HONG KONG LTD,company
SINDBAD GROUP LTD,company
SINGAPORE AIRLINES LTD,company
SINGAPORE BIOTECH PTE LTD,company
SINGAPORE EYE RES INST,public_rd
SINGAPORE EYE RES INSTITUTE,public_rd
SINGAPORE GENERAL HOSPITAL,public_rd
SINGAPORE GREEN CHEMICAL ENG PTE LTD,company
SINGAPORE HEALTH SERV PTE LTD,public_rd
SINGAPORE HEALTH SERVCIES PTE LTD,company
SINGAPORE HEALTH SERVICES PTD LTD,company
SINGAPORE HEALTH SERVICES PTE,company
SINGAPORE HEALTH SERVICES PTEL LTD,company
SINGAPORE INNOVATE PTE LTD,company
SINGAPORE INST FOR CLINICAL SCIENCES A STAR,public_rd
SINGAPORE INST FOR CLINICAL SCIENCES A-STAR,public_rd
SINGAPORE INST FOR CLINICAL SCIENCES BIOMEDICAL SCIENCES INSTS,public_rd
SINGAPORE MAN UNIV,university
SINGAPORE MAN UNIVERSITY,university
SINGAPORE MANAGEMENT UNIV,university
SINGAPORE MEDSENSE TECH PTE LTD,company
SINGAPORE MINISTRY OF HEALTH OFFICE FOR HEALTHCARE TRANSF,public_rd
SINGAPORE MINISTRY OF HEALTH OFFICE OF HEALTHCARE TRANSF,public_rd
SINGAPORE MINISTRY OF HEATH OFFICE FOR HEALTHCARE TRANSF,public_rd
SINGAPORE MIT ALLIANCE FOR RESEARCH & TECH CENTRE,public_rd
SINGAPORE NAT EYE CENTER PTE LTD,company
SINGAPORE NAT EYE CENTRE PTE LTD,company
SINGAPORE POLYTECHNIC,university
SINGAPORE PREC INDUSTRIES PTE LTD,company
SINGAPORE PRESS HOLDINGS LTD,company
SINGAPORE TECH ELECTRONICS LIMITED,company
SINGAPORE TELECOMM LTD,company
SINGAPORE TELECOMMUNICATIONS LTD,company
SINGAPORE UNIV OF TECH AND DESIGN,university
SINGAPORE UNIV OF TECHNOLOGY & DESIGN,university
SINGAPORE VOLITION PTE LTD,company
SINGAPORE ZE&Z INT PTE LTD,company
SINGAPORE ZE&Z INTERNAT PTE LTD,company
SINGAPORE ZE&ZINTERNATIONAL PTE LTD,company
SINGHEALTH SERVICES PTE LTD,company
SINGLE PERSON TRANSP DESIGN (SPTD) LTD,company
SINGLE PERSON TRANSP DESIGN SPTD LTD,company
SINGPILOT PTE LTD,company
SINGTEL CYBER SECURITY SINGAPORE PTE LTD,company
SINO INTERNAT GROUP LTD,company
SINO INTERNATIONAL GROUP LTD,company
SINOEAST CONCEPT LTD,company
SINOMAB BIOSCIENCE LTD,company
SIREMIX GMBH,company
SIRIONLABS PTE LTD,company
SIRONAX HONG KONG CO LIMITED,company
SIVANTOS PTE LTD,company
SIX CAPITAL PTE LTD,company
SIXAN PTE LTD,company
SIXSCAPE COMMUNICATIONS PTE LTD,company
SJLENTMODE LTD,company
SKAINOM PTE LTD,company
SKALA FINTECH COMPANY LTD,company
SKY PERFECT INTERNATIONAL LTD,company
SKYWORKS GLOBAL PTE LTD,company
SLEDGER FOUND PTE LTD,company
SLIP PAY TECH PTE LTD,company
SMALL BATCH LEARNING PTE LTD,company
SMALL HEALTHY ENVIRONMENT LTD,company
SMART BEAT PROFITS LTD,company
SMART BRAND LTD,company
SMART CHIP MICROELECTRONIC CO LTD,company
SMARTCLEAN TECH PTE LTD,company
SMARTCLEAN TECHNOLOGIES PTE LTD,company
SMARTCOMM ELECTRONICS PTE LTD,company
SMARTMISSIMO TECH PTE LTD,company
SMARTRX PTE LTD,company
SMARTSENS TECH HK CO LTD,company
SMARTWAVE MEDICAL HK LTD,company
SMITH & NEPEW ASIA PACIFIC PTE LTD,company
SMITH & NEPHEW ASIA PACIFIC LTD,company
SMITH & NEPHEW ASIA PACIFIC PLE LTD,company
SMITH & NEPHEW ASIA PACIFIC PTD LTD,company
SMITH & NEPHEW ASIA PACIFIC PTE LIIMITED,company
SMITH & NEPHEW ASIA PACIFIC PTE LIMTED,company
SMITH & NEPHEW ASIA PACIFIC PTE LIMTTED,company
SMITH & NEPHEW ASIA PACIFIC PTE LTD,company
SMITH & NEPHEW ASIAN PACIFIC PTE LTD,company
SMITH & NEPHEW PTD LTD,company
SMITH & NEPHEW PTE LTD,company
SMITH & NEPHEW PTE LTD SMITH,company
SMITH NEPHEW ASIA PACIFIC PTE LTD,company
SMITH&NEPHEW PTE LTD,company
SML MED TECH SOLUTIONS LTD,company
SMOOTHWEB TECH LIMITED,company
SMOOTHWEB TECH LTD,company
SMUDG COMPANY PTE LTD,company
SNITH & NEPHEW ASIA PACIFIC PTE LTD,company
SOCASH PTE LTD,company
SOFT LINES INT LTD,company
SOFT LINES INTERNATIONAL LTD,company
SOFT SENSE LIFE TECH PTE LTD,company
SOL MILLENNIUM MEDICAL HK LTD,company
SOL X PTE LTD,company
SOL-MILLENNIUM MEDICAL HK LTD,company
SOLARMAX PTE LTD,company
SOLOS TECH LIMITED,company
SOLUBOTS PTE LTD,company
SOLUTIO LTD,company
SOLVED BY TECHNOLOGY CO LIMITED,company
SOMNETICS GLOBAL PTE LTD,company
SONIKURE HOLDINGS LTD,company
SOPHIE?S BIONUTRIENTS PTE LTD,company
SOPHIES BIONUTRIENTS PTE LTD,company
SOPHIE’S BIONUTRIENTS PTE LTD,company
SOTER BIOPHARMA PTE LTD,company
SOULNANO LTD,company
SOURCE OF LIFE BIOTECHNOLOGY COMPANY LTD,company
SOUTH KING HEALTH LTD,company
SP AITH LTD,company
SP POWERASSETS LTD,company
SPACE PTE LTD,company
SPACEBRAINZ PRIVATE LTD,company
SPAYCE ASIA PTE LTD,company
SPAYCEASIA PTE LTD,company
SPEADTECH LTD,company
SPECTRUMEDICS INT PTE LTD,company
SPEROGENIX THERAPEUTICS LTD,company
SPH BIOTHERAPEUTICS HK LTD,company
SPLITMEDIALABS LTD,company
SPOROGENICS PTE LTD,company
SPORTSCIENTIA PTE LTD,company
ST ELECTRONICS (TRAINING & SIMULATION SYSTEMS) PTE LTD,company
ST ELECTRONICS TRAINING & SIMULATION SYSTEMS,company
ST ELECTRONICS TRAINING & SIMULATION SYSTEMS PTE LTD,company
ST ENG ELECTRONICS LTD,company
ST ENG IHQ PTE LTD,company
ST ENG INNOSPARKS PTE LTD,company
ST ENG LAND SYSTEMS LTD,company
ST ENG URBAN SOLUTIONS LTD,company
ST ENGINEERING ADVANCED MAT ENGINEERING PTE LTD,company
ST MICROELECTRONICS ASIA,company
ST MICROELECTRONICS ASIA PACIFIC PTE LTD,company
ST MICROELECTRONICS LTD,company
ST MICROELECTRONICS PTE LTD,company
STANDARD CHARTERED BANK,company
STANDARD CHARTERED BANK SINGAPORE LTD,company
STAR ARRAY PTE LTD,company
STAR BRIGHT BIO TECH LTD,company
STARSHOT PTE LTD,company
STEMCELL ESSENTIALS PTE LTD,company
STEP SURGICAL PTE LTD,company
STERLING IP PTE LTD,company
STF LABS PTE LTD,company
STR8BAT SPORTS TECH SOLUTIONS OTE,company
STR8BAT SPORTS TECH SOLUTIONS PTE LTD,company
STRAITDEER PTE LTD,company
STRUCTO PTE LTD,company
SU CC CORPORATION LTD,company
SUCCESS ASIA INC LTD,company
SUMITOMO SEIKA SINGAPORE PTE LTD,company
SUN ELECTRIC PTE LTD,company
SUN LUEN ELECTRICAL MFG CO LTD,company
SUN MOBILITY PTE LTD,company
SUN SINGAPORE SYSTEMS PTE LTD,company
SUNASIC TECH LIMITED,company
SUNIA,company
SUNIA PTE LTD,company
SUNIA PTE LTD SINGAPORE,company
SUNIAPTE LTD,company
SUNNY TECH ENTERPRISE LIMITED,company
SUNTORY BEVERAGE & FOOD ASIA PTE LTD,company
SUNTORY BEVERAGE AND FOOD ASIA PTE LTD,company
SUPER GAINER INVESTMENT LTD,company
SUPER RICH MOULDERS LTD,company
SUPERSYMMETRY PTE LTD,company
SUPPORT PTE LTD I,company
SUPREME QI PTE LTD,company
SURBANA JURONG PRIVATE LTD,company
SURBANA JURONG PTE LTD,company
SURECLEAN PTE LTD,company
SWAP HOLDINGS LTD,company
SWISS SPA SYSTEM LTD,company
SYMPHONY HOLDINGS LTD,company
SYNERK BIOTECH LTD,company
SYNGULAR TECH LIMITED,company
SYNOPTION PTE LTD,company
SYNPHNE PTE LTD,company
Sano V Ptd Ltd,company
Sano V Pte Ltd,company
Sigenic Pte Ltd,company
Silanna UV Technologies Pte Ltd,company
Simpple Pte Ltd,company
Singular Health Pte Ltd,company
TAASCOM INC,company
TACTILIS PTE LTD,company
TALENGEN INT LTD,company
TAN TOCK SENG HOSPITAL,public_rd
TAN TOCK SENG HOSPITAL PTE LTD,public_rd
TAN TOCK SENG HOSPITAL PTE LTD TTSH,public_rd
TARGET INFORMATION COMPANY LTD,company
TAVOTEK BIOTHERAPEUTICS HONG KONG LTD,company
TCRCURE HONG KONG LTD,company
TEAMSOLVE PTE LTD,company
TEAPASAR PTE LTD,company
TECHMED HEALTH PTE LTD,company
TECHNOLITE SINGAPORE PTE LTD,company
TECHSSISTED SURGICAL PTE LTD,company
TECTONIC TECH INNOVATION COMPANY LIMITED,company
TELECOM EQUIPMENT PTE LTD,company
TELEFIELD MEDICAL IMAGING LTD,company
TELEFLEX LIFE SCIENCES PTE LTD,company
TEMASEK LIFE SCIENCES LAB LTD,company
TEMASEK LIFE SCIENCES LABORATORY,public_rd
TEMASEK LIFE SCIENCES LABORATORY LTD,public_rd
TEMASEK LIFE SICENCES LABORATORY LTD,company
TEMASEK POLYTECHNIC,university
TENACIA BIOTECHNOLOGY HONG KONG CO LIMITED,company
TENACIA BIOTECHNOLOGY HONG KONG CO LTD,company
TENCENT MOBILITY LTD,company
TENDONPLUS MEDICAL PTE LTD,company
TENPAY GLOBAL PTE LTD,company
TERMINAL 1 LTD,company
TESCO DENTAL HONG KONG LTD,company
TESSA THERAPEUTICS LTD,company
TESSA THERAPEUTICS PTE LTD,company
TETSUYU HEALTHCARE HOLDINGS PTE LTD,company
TFI DIGITAL MEDIA LTD,company
THE BEAUTY NATION PTE LTD,company
THE BIOFACTORY PTE LTD,company
THE CHINESE UNIV OF HONG KONG,university
THE CHINESE UNIV OF HONG KONG OFFICE OF RES AND KNOWLEDGE TRANSFER SERVICES,university
THE CHINESE UNIV OF HONG KONG OFFICE OF RESEARCH AND KNOWLEDGE TRANSFER SERVICES,university
THE CHINESS UNIV OF HONG KONG,university
THE CHLOROPLAST PTE LTD,company
THE CHLOROPLASTPTE LTD,company
THE CLINICIAN PTE LTD,company
THE EDUCATION UNIV OF HONG KONG,university
THE HONGKONG AND SHANGHAI BANKING CORPORATION LTD,company
THE HONGKONG POLYTECHNIC UNIV,university
THE MONETARY AUTHORITY OF SINGAPORE,public_rd
THE NATIONAL UNIV OF SINGAPORE,university
THE SQIX COMPANY PTE LTD,company
THERAXYTE BIOSCIENCE HONG KONG LTD,company
THINKIN MAN LIMITED,company
THINXTREAM TECH PTD LTD,company
THINXTREAM TECH PTE LTD,company
THUNDER POWER HONG KONG LTD,company
THUNDER POWER NEW ENERGY VEHICLE DEV CO LTD,company
THUNDER POWER NEW ENERGY VEHICLE DEVELOPMENT CO LTD,company
THUNDER POWER NEW ENERGY VEHICLE DEVELOPMENT LTD,company
THUNDER POWER NEW ENERGY VIHICLE DEV COMPANY LTD,company
THUNDER POWER NEW ENERGY VIHICLE DEVELOPMENT COMPANY LTD,company
TIBERIAS TECH HK LIMITED,company
TIDETIME SUN LTD,company
TIKVA ALLOCELL PTE LTD,company
TMB LABS LTD,company
TOKU E BIOTECH LABORATORY PTE LTD,company
TOMOIKE BIO LTD,company
TOMOPHASE LTD,company
TOMORROWS IP LTD,company
TOMORROWS IP LTD A CHINESE COMPANY,company
TOOKITAKI HOLDING PTE LTD,company
TOP GLOVE INT SDN BHD,company
TOP VICTORY INVEST LTD,company
TOP VICTORY INVESTMENTS LTD,company
TOUREGO GLOBAL PTE LTD,company
TRAKOMATIC PTE LTD,company
TRANSF ROBOTICS PTE LTD,company
TRANWALL HOLDINGS LTD C/O CHANG LEUNG HUI & LI CPA LTD,company
TRAVECTA THERAPEUTICS INC,company
TRAVECTA THERAPEUTICS PTE LTD,company
TRAX TECH SOLUTIONS PIE LTD,company
TRAX TECH SOLUTIOS PTE LTD,company
TRAX TECHNOLIGY SOLUTION PTE LTD,company
TRAX TECHNOLOGY SOLUTIONS PTE LTD,company
TRAX TECHNOLOLGY SOLUTIONS PTE LTD,company
TREK 2000 INT LTD,company
TREK TECH (S) PTE LTD,company
TREK TECH S PTE LTD,company
TRIA PTE LTD,company
TRICOG HEALTH PTE LTD,company
TRIDENT CORPORATE SERVICES SINGAPORE PTE LTD AS TRUSTEE FOR THE ONEPLACE UNIT TRUST,company
TRISAIL MEDICAL PTE LTD,company
TRITECH WATER TECH PTE LTD,company
TSALYS LTD,company
TSG THERAPEUTICS PTE LTD,company
TSLC PTE LTD,company
TURTLETREE LAB PTE LTD,company
TURTLETREE LABS PTE LTD,company
TUTOR GROUP LTD,company
TUV SUD HONG KONG LTD,company
TWO BIRDS MEDICAL PTE LTD,company
TYCHAN PTE LTD,company
TYME LTD,company
TYMPHANY HK LTD,company
TYRAFOS TECHNOLOGIES CO LIMITED,company
TYSANA PTE LTD,company
U3D LTD,company
UBER DIAGNOSTICS PTE LTD,company
UCWEB SINGAPORE PTE LTD,company
UHOO PTE LTD,company
UIB HOLDINGS PTE LTD,company
UIB HOLDINGS PTE LTE,company
ULEECO LTD,company
ULTRASOUND ASSISTED MEDTECH PTE LTD,company
ULTRON TECHNIQUES PTE LTD,company
UMITRON PTE LTD,company
UNICITY PROPERTIES INC,company
UNISTRAW HOLDINGS PTE LTD,company
UNISTRAWHOLDINGS PTE LTD,company
UNITED CREST HEALTHCARE PTE LTD COMPANY,company
UNITED MICROELECTRONICS CENTRE HONG KONG LTD,company
UNITO SMART TECH LIMITED,company
UNIV CITY,university
UNIV CITY HONG KONG,university
UNIV HONG KONG,university
UNIV HONG KONG BAPTIST,university
UNIV HONG KONG BAPTIST UNIV,university
UNIV HONG KONG CHINESE,university
UNIV HONG KONG POLYTECHNIC,university
UNIV HONG KONG SCI & TECH,university
UNIV HONG KONG SCIENCE & TECH,university
UNIV NANYANG TECH,university
UNIV OF HONG KONG,university
UNIV SINGAPORE,university
UNIV SINGAPORE TECHNOLOGY & DESIGN,university
UNIWAY TECH LTD,company
UP BLOCKCHAIN TECH LIMITED,company
UPPSALA PTE LTD,company
URBANCHAIN GROUP LTD,company
US PACIFIC NONWOVENS INDUSTRY LTD,company
UST GLOBAL SINGAPORE PTE LTD,company
UST GLOBAL SINGAPORE PTE LTE,company
UTIBA PTE LTD,company
UTU PTE LTD,company
V3 SMART TECH PTE LTD,company
VAC4ALL PTE LTD,company
VADARO PTE LTD,company
VALDIMIR PTE LTD,company
VALLAURIX PTE LTD,company
VANFORD BIO DRUG DEVELOPMENT LTD,company
VANGUARD INIERNATIONAL SEMICONDUCTOR SINGAPORE PTE LTD,company
VANGUARD INT SEMICONDUCTOR SINGAPORE PTE LTD,company
VASCUROS MEDICAL,company
VASCUROS MEDICAL PTE LTD,company
VECHAIN FOUNDATION LTD,company
VELA OPERATIONS PTE LTD,company
VELA OPERATIONS SINGAPORE PTE LTD,company
VELLPHARM COMPANY LTD,company
VELOCITY CORPORATION LTD,company
VENIA MEDICAL SYSTEMS PTE LTD,company
VERENCY HOLDINGS LTD,company
VERRENCY HOLDINGS LTD,company
VERRENCY HOLDINGS PTE LTD,company
VERSITECH LTD,university
VERTICAL OCEANS PTE LTD,company
VERTICAL SOFTWARE ASIA PTE LTD,company
VESL PTE LTD,company
VI DIMENSIONS PTE LTD,company
VIATRIS ASIA PACIFIC PTD LTD,company
VIATRIS ASIA PACIFIC PTE LTD,company
VICWOOD PROSPERITY TECH LIMITED,company
VIGILANTECH PTE LTD,company
VIITAR PTE LTD,company
VIN DE BONA TRADING CO PTE LTD,company
VIN DE BONA TRADING COMPANY PTE LTD,company
VINCENT MEDICAL MANUFACTUING CO LTD,company
VINCENT YUVAL R&D LTD,company
VIRGILANT TECH LIMITED,company
VIRTUAL CONTROL LTD,company
VISAK FINANCIAL TECH PTE LTD,company
VISCOVERY PTE LTD,company
VISENZE PTE LTD,company
VISION GLOBAL HOLDINGS LTD,company
VISION QUEST DESIGN PTE LTD,company
VISIOTECH VENTURES PTE LTD,company
VISRE PTE LTD,company
VISUO TECH PTY LIMITED,company
VITARGENT (INTERNATIONAL) BIOTECHNOLOGY LTD,company
VITARGENT INTERNATIONAL BIOTECHNOLOGY LTD,company
VITRO TV HK LTD,company
VITRUVIANMD PTE LTD,company
VIVA STAR BIOSCIENCES LTD,company
VIVO SURGICAL PRIVATE LTD,company
VIZZIO TECH PTE LTD,company
VJ ELECTRONICS LTD,company
VK Meditech Co Ltd,company
VOCATIONAL TRAINING COUNCIL,public_rd
VORNAGAIN LTD,company
VOUCHER ACTIVATION IP SERVICES PTE LTD,company
VOXP PTE LTD,company
VOYAGER INNOVATIONS HOLDINGS PTE LTD,company
VUCLIP (SINGAPORE) PTE LTD,company
VUCLIP SINGAPORE PTE LTD,company
VULCAN AI PTE LTD,company
VVB BIO PTE LTD,company
VVOW COMPANY LTD,company
Vios Medical Singapore PTE LTD,company
Viralint Pte Ltd,company
WAFE LIFE SCIENCES LTD,company
WAN HAI LINES SINGAPORE PTE LTD,company
WATERCARE TECH LIMITED,company
WAVE LIFE SCIENCES LTD,company
WAVE LIFE SCIENCES PTE LTD,company
WAVETOUCH LTD,company
WEALTHTREESG PRIVATE LTD,company
WEI LONG ELECTRONICS ENG PTE LTD,company
WELL BEING DIGITAL LTD,company
WELLS RESOURCES LTD,company
WELSKY TECH LIMITED,company
WELSKY TECH LTD,company
WELSKY TECHNOLOGIES LTD,company
WESTCOM SOLUTIONS PTE LTD,company
WEX MEDICAL LTD,company
WHALESAVE PTE LTD,company
WHISPER HOLDINGS PTE LTD,company
WIFIRE OPEN NETWORK GROUP LTD,company
WILDFACES TECH LIMITED,company
WILLOWMORE PTE LTD,company
WILMAR INT LTD,company
WILMAR INTERNATIONAL LTD,company
WILMAR TRADING PTE LTD,company
WINDY HILL PTE LTD,company
WINNER SG PTE LTD,company
WIS TA LABORATORIES LTD,company
WISDOM GARDEN HONG KONG LTD,company
WISE ALLY HOLDINGS LTD,company
WISEBRACE PTE LTD,company
WISERS INFORMATION LTD,company
WISORIG TECH PTE LIMITED,company
WISTA LAB LTD,company
WISTA LABORATORIES LTD,company
WIZ HOLDINGS PTE LTD,company
WMT ASIA LTD,company
WOLFCREEK BIOTECH PTE LTD,company
WONDER TECH PTE LTD,company
WONG FONG ENGINEERING WORKS 1988 PTE LTD,company
WONG HAU PLASTIC WORKS & TRADING CO LTD,company
WORLD BIOTECH REGENERATIVE MEDICAL GROUP LTD,company
WORLD CONCEPT DEVELOPMENT LTD,company
WORLD FIELD HK LTD,company
WORLD WIDE DAILY HOLDINGS CO LTD,company
WORLD WIDE STATIONERY MFG CO,company
WORLD WIDE STATIONERY MFG CO LTD,company
WORLDMONEY BLOCKCHAIN FINANCIAL CO LTD,company
WOWLINK PTE LTD,company
WUXI XDC SINGAPORE PRIVATE LTD,company
Wearne Digital Pte Ltd,company
X ZELL BIOTECH PTE LTD,company
XENTIQ PARTNERS (PTE ) LTD,company
XENTIQ PARTNERS PTE LTD,company
XERAFY SINGAPORE PTE LTD,company
XIANLAN TECH CO LIMITED,company
XIANLANG TECH CO LIMITED,company
XJERA LABS PTE LTD,company
XYLONIX IP HOLDINGS PTE LTD,company
XYLONIX PTE LTD,company
Xenolis Pte Ltd,company
YAHUIKANG LTD,company
YARDSTICK PTE LTD,company
YCH GROUP PTE LTD,company
YICHEN THERAPEUTICS LTD,company
YIJIAHE SINGAPORE PTE LTD,company
YINGCARE LTD,company
YINGXIUKE LTD,company
YISHENG BIOPHARMA (SINGAPORE) PTE LTD,company
YISHENG BIOPHARMA SINGAPORE PTE LTD,company
YITU PTE LTD,company
YONG HAI TECH PTE LTD,company
YOUNG’S ENG CO LTD,company
YSQ INT PTE LTD,company
YUJET INTERNATIONAL LTD,company
YUMCHA STUDIOS PTE LTD,company
Z5 GLOBAL GROUP LTD,company
ZECO SYSTEMS PTD LTD,company
ZECO SYSTEMS PTE LTD,company
ZEN DESIGN SOLUTIONS LTD,company
ZENO THERAPEUTICS PTE LTD,company
ZENSUNG PTE LTD,company
ZERO2 5 BIOTECH PTE LTD,company
ZHAOTAI IMMUGENE BIOMEDICINE HONG KONG LTD,company
ZHONGJI HENGRUN INT HOLDINGS LTD,company
ZIXXE PTE LTD,company
ZODIAC BIO TECH LTD,company
ZOLTRIX MAT INTERNATIONAL LIMITED,company
ZYETRIC AUGMENTED REALITY LTD,company
ZYETRIC ENTERPRISE LTD,company
ZYETRIC GAMING LTD,company
ZYETRIC TECH LIMITED,company
ZYETRIC VIRTUAL REALITY LTD,company
ZingMobile Pte Ltd,company
comGateway (S) Pte Ltd,company
